<!--
  ~ The MIT License (MIT)
  ~
  ~ Copyright (c) 2019 Chris Magnussen and Elior Boukhobza
  ~
  ~ Permission is hereby granted, free of charge, to any person obtaining a copy
  ~ of this software and associated documentation files (the "Software"), to deal
  ~ in the Software without restriction, including without limitation the rights
  ~ to use, copy, modify, merge, publish, distribute, sublicense, and/or sell
  ~ copies of the Software, and to permit persons to whom the Software is
  ~ furnished to do so, subject to the following conditions:
  ~
  ~ The above copyright notice and this permission notice shall be included in all
  ~ copies or substantial portions of the Software.
  ~
  ~ THE SOFTWARE IS PROVIDED "AS IS", WITHOUT WARRANTY OF ANY KIND, EXPRESS OR
  ~ IMPLIED, INCLUDING BUT NOT LIMITED TO THE WARRANTIES OF MERCHANTABILITY,
  ~ FITNESS FOR A PARTICULAR PURPOSE AND NONINFRINGEMENT. IN NO EVENT SHALL THE
  ~ AUTHORS OR COPYRIGHT HOLDERS BE LIABLE FOR ANY CLAIM, DAMAGES OR OTHER
  ~ LIABILITY, WHETHER IN AN ACTION OF CONTRACT, TORT OR OTHERWISE, ARISING FROM,
  ~ OUT OF OR IN CONNECTION WITH THE SOFTWARE OR THE USE OR OTHER DEALINGS IN THE
  ~ SOFTWARE.
  ~
  ~
  -->
<mtTheme>
    <name>Absent</name>
    <themeId>absent</themeId>
    <dark>true</dark>
    <editorColorsScheme>Absent</editorColorsScheme>
    <colors>
        <color id="background" value="C60055"></color>
        <color id="foreground" value="aeb9c4"></color>
        <color id="text" value="7E8792"></color>
        <color id="selectionBackground" value="228a96"></color>
        <color id="selectionForeground" value="FFFFFF"></color>
        <color id="button" value="2B333A"></color>
        <color id="secondaryBackground" value="232930"></color>
        <color id="disabled" value="535B63"></color>
        <color id="contrast" value="1f242a"></color>
        <color id="tableSelected" value="36404B"></color>
        <color id="secondBorder" value="20252C"></color>
        <color id="highlight" value="2B333A"></color>
        <color id="treeSelection" value="228a9690"></color>
        <color id="notifications" value="0e1114"></color>
        <color id="accent" value="00ff00"></color>
        <color id="excluded" value="000000"></color>
    </colors>
</mtTheme>
