<!--
  ~ The MIT License (MIT)
  ~
  ~ Copyright (c) 2019 Chris Magnussen and Elior Boukhobza
  ~
  ~ Permission is hereby granted, free of charge, to any person obtaining a copy
  ~ of this software and associated documentation files (the "Software"), to deal
  ~ in the Software without restriction, including without limitation the rights
  ~ to use, copy, modify, merge, publish, distribute, sublicense, and/or sell
  ~ copies of the Software, and to permit persons to whom the Software is
  ~ furnished to do so, subject to the following conditions:
  ~
  ~ The above copyright notice and this permission notice shall be included in all
  ~ copies or substantial portions of the Software.
  ~
  ~ THE SOFTWARE IS PROVIDED "AS IS", WITHOUT WARRANTY OF ANY KIND, EXPRESS OR
  ~ IMPLIED, INCLUDING BUT NOT LIMITED TO THE WARRANTIES OF MERCHANTABILITY,
  ~ FITNESS FOR A PARTICULAR PURPOSE AND NONINFRINGEMENT. IN NO EVENT SHALL THE
  ~ AUTHORS OR COPYRIGHT HOLDERS BE LIABLE FOR ANY CLAIM, DAMAGES OR OTHER
  ~ LIABILITY, WHETHER IN AN ACTION OF CONTRACT, TORT OR OTHERWISE, ARISING FROM,
  ~ OUT OF OR IN CONNECTION WITH THE SOFTWARE OR THE USE OR OTHER DEALINGS IN THE
  ~ SOFTWARE.
  ~
  ~
  -->
<mtTheme>
    <name>Absent Light</name>
    <themeId>absent-light</themeId>
    <dark>false</dark>
    <editorColorsScheme>Absent Light</editorColorsScheme>
    <colors>
        <color id="background" value="ffffff"></color>
        <color id="foreground" value="465360"></color>
        <color id="text" value="3E4955"></color>
        <color id="selectionBackground" value="228a96"></color>
        <color id="selectionForeground" value="FFFFFF"></color>
        <color id="button" value="D9D9D9"></color>
        <color id="secondaryBackground" value="D9D9D9"></color>
        <color id="disabled" value="C6C6C6"></color>
        <color id="contrast" value="F2F2F2"></color>
        <color id="tableSelected" value="228a96"></color>
        <color id="secondBorder" value="252c33"></color>
        <color id="highlight" value="C8C8C8"></color>
        <color id="treeSelection" value="228a9690"></color>
        <color id="notifications" value="e6e6e6"></color>
        <color id="accent" value="00ff00"></color>
        <color id="excluded" value="00ff00"></color>
    </colors>
</mtTheme>