<!--
  ~ The MIT License (MIT)
  ~
  ~ Copyright (c) 2019 Chris Magnussen and Elior Boukhobza
  ~
  ~ Permission is hereby granted, free of charge, to any person obtaining a copy
  ~ of this software and associated documentation files (the "Software"), to deal
  ~ in the Software without restriction, including without limitation the rights
  ~ to use, copy, modify, merge, publish, distribute, sublicense, and/or sell
  ~ copies of the Software, and to permit persons to whom the Software is
  ~ furnished to do so, subject to the following conditions:
  ~
  ~ The above copyright notice and this permission notice shall be included in all
  ~ copies or substantial portions of the Software.
  ~
  ~ THE SOFTWARE IS PROVIDED "AS IS", WITHOUT WARRANTY OF ANY KIND, EXPRESS OR
  ~ IMPLIED, INCLUDING BUT NOT LIMITED TO THE WARRANTIES OF MERCHANTABILITY,
  ~ FITNESS FOR A PARTICULAR PURPOSE AND NONINFRINGEMENT. IN NO EVENT SHALL THE
  ~ AUTHORS OR COPYRIGHT HOLDERS BE LIABLE FOR ANY CLAIM, DAMAGES OR OTHER
  ~ LIABILITY, WHETHER IN AN ACTION OF CONTRACT, TORT OR OTHERWISE, ARISING FROM,
  ~ OUT OF OR IN CONNECTION WITH THE SOFTWARE OR THE USE OR OTHER DEALINGS IN THE
  ~ SOFTWARE.
  ~
  ~
  -->

<scheme name="GitHub (Material)" version="1" parent_scheme="Default">
    <option name="FONT_SCALE" value="1.0"/>
    <metaInfo>
        <property name="created">2018-08-04T11:56:45</property>
        <property name="ide">idea</property>
        <property name="ideVersion">2019.1.0.0</property>
        <property name="modified">2019-03-15T00:05:25</property>
        <property name="originalScheme">GitHub</property>
    </metaInfo>
    <option name="LINE_SPACING" value="1.4"/>
    <font>
        <option name="EDITOR_FONT_NAME" value="Menlo"/>
        <option name="EDITOR_FONT_SIZE" value="12"/>
    </font>
    <font>
        <option name="EDITOR_FONT_NAME" value="Fira Code"/>
        <option name="EDITOR_FONT_SIZE" value="12"/>
    </font>
    <console-font>
        <option name="EDITOR_FONT_NAME" value="Menlo"/>
        <option name="EDITOR_FONT_SIZE" value="12"/>
    </console-font>
    <console-font>
        <option name="EDITOR_FONT_NAME" value="Fira Code"/>
        <option name="EDITOR_FONT_SIZE" value="12"/>
    </console-font>
    <colors>
        <option name="ADDED_LINES_COLOR" value="22863a"/>
        <option name="ANNOTATIONS_COLOR" value="24292e"/>
        <option name="CARET_COLOR" value="24292e"/>
        <option name="CARET_ROW_COLOR" value="eeeeee"/>
        <option name="DELETED_LINES_COLOR" value="d73a49"/>
        <option name="DOCUMENTATION_COLOR" value="FAFAFA"/>
        <option name="FILESTATUS_ADDED" value="22863a"/>
        <option name="FILESTATUS_DELETED" value="6a737d"/>
        <option name="FILESTATUS_HIJACKED" value="6a737d"/>
        <option name="FILESTATUS_IDEA_FILESTATUS_DELETED_FROM_FILE_SYSTEM" value="6a737d"/>
        <option name="FILESTATUS_IDEA_FILESTATUS_IGNORED" value="32f62"/>
        <option name="FILESTATUS_IDEA_FILESTATUS_MERGED_WITH_BOTH_CONFLICTS" value="d73a49"/>
        <option name="FILESTATUS_IDEA_FILESTATUS_MERGED_WITH_CONFLICTS" value="d73a49"/>
        <option name="FILESTATUS_IDEA_FILESTATUS_MERGED_WITH_PROPERTY_CONFLICTS" value="d73a49"/>
        <option name="FILESTATUS_IGNORE.PROJECT_VIEW.IGNORED" value="32f62"/>
        <option name="FILESTATUS_MERGED" value="6f42c1"/>
        <option name="FILESTATUS_MODIFIED" value="5cc5"/>
        <option name="FILESTATUS_NOT_CHANGED_IMMEDIATE" value="5cc5"/>
        <option name="FILESTATUS_NOT_CHANGED_RECURSIVE" value="5cc5"/>
        <option name="FILESTATUS_OBSOLETE" value="6a737d"/>
        <option name="FILESTATUS_SWITCHED" value="e36209"/>
        <option name="FILESTATUS_UNKNOWN" value="e36209"/>
        <option name="FILESTATUS_addedOutside" value="22863a"/>
        <option name="FILESTATUS_changelistConflict" value="d73a49"/>
        <option name="FILESTATUS_modifiedOutside" value="5cc5"/>
        <option name="GUTTER_BACKGROUND" value="ffffff"/>
        <option name="INDENT_GUIDE" value="dddddd"/>
        <option name="LINE_NUMBERS_COLOR" value="aaaaaa"/>
        <option name="LINE_NUMBER_ON_CARET_ROW_COLOR" value="1b1f23"/>
        <option name="METHOD_SEPARATORS_COLOR" value="dddddd"/>
        <option name="MODIFIED_LINES_COLOR" value="5cc5"/>
        <option name="NOTIFICATION_BACKGROUND" value="f5e9ab"/>
        <option name="SELECTED_INDENT_GUIDE" value="dddddd"/>
        <option name="SELECTED_TEARLINE_COLOR" value="e0e0b0"/>
        <option name="SELECTION_BACKGROUND" value="cce5ff"/>
        <option name="SELECTION_FOREGROUND" value="0"/>
        <option name="SEPARATOR_ABOVE_COLOR" value="e4e4e4"/>
        <option name="ScrollBar.Mac.Transparent.hoverThumbBorderColor" value="cce5ff"/>
        <option name="ScrollBar.Mac.Transparent.hoverThumbColor" value="cce5ff"/>
        <option name="ScrollBar.Mac.Transparent.thumbBorderColor" value="cce5ff"/>
        <option name="ScrollBar.Mac.Transparent.thumbColor" value="cce5ff"/>
        <option name="ScrollBar.Mac.hoverThumbBorderColor" value="cce5ff"/>
        <option name="ScrollBar.Mac.hoverThumbColor" value="cce5ff"/>
        <option name="ScrollBar.Mac.thumbBorderColor" value="cce5ff"/>
        <option name="ScrollBar.Mac.thumbColor" value="cce5ff"/>
        <option name="ScrollBar.Transparent.hoverThumbBorderColor" value="cce5ff" mac="cce5ff"/>
        <option name="ScrollBar.Transparent.hoverThumbColor" value="cce5ff" mac="cce5ff"/>
        <option name="ScrollBar.Transparent.thumbBorderColor" value="cce5ff" mac="cce5ff"/>
        <option name="ScrollBar.Transparent.thumbColor" value="cce5ff" mac="cce5ff"/>
        <option name="ScrollBar.hoverThumbBorderColor" value="cce5ff" mac="cce5ff"/>
        <option name="ScrollBar.hoverThumbColor" value="cce5ff" mac="cce5ff"/>
        <option name="ScrollBar.thumbBorderColor" value="cce5ff" mac="cce5ff"/>
        <option name="ScrollBar.thumbColor" value="cce5ff" mac="cce5ff"/>

        <option name="ScrollBar.Mac.Transparent.hoverTrackColor" value="ffffff" mac="ffffff"/>
        <option name="ScrollBar.Mac.Transparent.trackColor" value="ffffff" mac="ffffff"/>
        <option name="ScrollBar.Mac.hoverTrackColor" value="ffffff" mac="ffffff"/>
        <option name="ScrollBar.Mac.trackColor" value="ffffff" mac="ffffff"/>
        <option name="ScrollBar.Transparent.hoverTrackColor" value="ffffff" mac="ffffff"/>
        <option name="ScrollBar.Transparent.trackColor" value="ffffff" mac="ffffff"/>
        <option name="ScrollBar.hoverTrackColor" value="ffffff" mac="ffffff"/>
        <option name="ScrollBar.trackColor" value="ffffff" mac="ffffff"/>

        <option name="TEARLINE_COLOR" value="dddddd"/>
        <option name="WHITESPACES" value="b5b5b5"/>
        <option name="WHITESPACES_MODIFIED_LINES_COLOR" value="f6f0de"/>
    </colors>
    <attributes>
        <option name="ANNOTATION_NAME_ATTRIBUTES">
            <value>
                <option name="FOREGROUND" value="d73a49"/>
            </value>
        </option>
        <option name="BACKGROUND">
            <value/>
        </option>
        <option name="BAD_CHARACTER">
            <value>
                <option name="EFFECT_COLOR" value="d73a49"/>
                <option name="ERROR_STRIPE_COLOR" value="cc394a"/>
                <option name="EFFECT_TYPE" value="2"/>
            </value>
        </option>
        <option name="BASH.FUNCTION_CALL" baseAttributes="DEFAULT_FUNCTION_CALL"/>
        <option name="BASH.FUNCTION_DEF_NAME" baseAttributes="DEFAULT_FUNCTION_DECLARATION"/>
        <option name="BASH.HERE_DOC" baseAttributes="DEFAULT_STRING"/>
        <option name="BASH.INTERNAL_COMMAND">
            <value>
                <option name="FOREGROUND" value="6f42c1"/>
                <option name="FONT_TYPE" value="2"/>
            </value>
        </option>
        <option name="BASH.REDIRECTION" baseAttributes="DEFAULT_OPERATION_SIGN"/>
        <option name="BASH.SHEBANG" baseAttributes="BASH.LINE_COMMENT"/>
        <option name="COFFEESCRIPT.FUNCTION_NAME" baseAttributes="DEFAULT_FUNCTION_DECLARATION"/>
        <option name="CONSOLE_ERROR_OUTPUT">
            <value>
                <option name="FOREGROUND" value="d25252"/>
            </value>
        </option>
        <option name="CONSOLE_NORMAL_OUTPUT">
            <value>
                <option name="FOREGROUND" value="24292e"/>
                <option name="BACKGROUND" value="ffffff"/>
            </value>
        </option>
        <option name="CONSOLE_SYSTEM_OUTPUT">
            <value>
                <option name="FOREGROUND" value="24292e"/>
                <option name="FONT_TYPE" value="2"/>
            </value>
        </option>
        <option name="CONSOLE_USER_INPUT">
            <value>
                <option name="FOREGROUND" value="32f62"/>
            </value>
        </option>
        <option name="CSS$CLASS_NAME">
            <value>
                <option name="FOREGROUND" value="0"/>
            </value>
        </option>
        <option name="CSS$FUNCTION">
            <value>
                <option name="FOREGROUND" value="6f42c1"/>
            </value>
        </option>
        <option name="CSS$HASH">
            <value>
                <option name="FOREGROUND" value="0"/>
            </value>
        </option>
        <option name="CSS$IDENT">
            <value>
                <option name="FOREGROUND" value="0"/>
            </value>
        </option>
        <option name="CSS$PROPERTY_NAME">
            <value>
                <option name="FOREGROUND" value="0"/>
            </value>
        </option>
        <option name="CSS$PSEUDO">
            <value>
                <option name="FOREGROUND" value="0"/>
            </value>
        </option>
        <option name="CSS$TAG_NAME">
            <value>
                <option name="FOREGROUND" value="0"/>
            </value>
        </option>
        <option name="CSS.COLOR">
            <value>
                <option name="FOREGROUND" value="5cc5"/>
            </value>
        </option>
        <option name="CSS.FUNCTION">
            <value>
                <option name="FOREGROUND" value="5cc5"/>
            </value>
        </option>
        <option name="CSS.IDENT">
            <value>
                <option name="FOREGROUND" value="6f42c1"/>
            </value>
        </option>
        <option name="CSS.PROPERTY_NAME">
            <value>
                <option name="FOREGROUND" value="5cc5"/>
            </value>
        </option>
        <option name="CSS.UNICODE.RANGE">
            <value>
                <option name="FOREGROUND" value="5cc5"/>
            </value>
        </option>
        <option name="CSS.URL">
            <value>
                <option name="FOREGROUND" value="e36209"/>
            </value>
        </option>
        <option name="CTRL_CLICKABLE">
            <value>
                <option name="FOREGROUND" value="5cc5"/>
                <option name="EFFECT_COLOR" value="5cc5"/>
                <option name="EFFECT_TYPE" value="1"/>
            </value>
        </option>
        <option name="CUSTOM_INVALID_STRING_ESCAPE_ATTRIBUTES">
            <value>
                <option name="FOREGROUND" value="0"/>
            </value>
        </option>
        <option name="CUSTOM_KEYWORD1_ATTRIBUTES">
            <value>
                <option name="FOREGROUND" value="0"/>
            </value>
        </option>
        <option name="CUSTOM_KEYWORD2_ATTRIBUTES">
            <value>
                <option name="FOREGROUND" value="0"/>
            </value>
        </option>
        <option name="CUSTOM_KEYWORD3_ATTRIBUTES">
            <value>
                <option name="FOREGROUND" value="0"/>
            </value>
        </option>
        <option name="CUSTOM_KEYWORD4_ATTRIBUTES">
            <value>
                <option name="FOREGROUND" value="0"/>
            </value>
        </option>
        <option name="CUSTOM_LINE_COMMENT_ATTRIBUTES">
            <value>
                <option name="FOREGROUND" value="aaaaaa"/>
            </value>
        </option>
        <option name="CUSTOM_MULTI_LINE_COMMENT_ATTRIBUTES">
            <value>
                <option name="FOREGROUND" value="aaaaaa"/>
            </value>
        </option>
        <option name="CUSTOM_NUMBER_ATTRIBUTES">
            <value>
                <option name="FOREGROUND" value="5cc4"/>
            </value>
        </option>
        <option name="CUSTOM_STRING_ATTRIBUTES">
            <value>
                <option name="FOREGROUND" value="d25252"/>
            </value>
        </option>
        <option name="CUSTOM_VALID_STRING_ESCAPE_ATTRIBUTES">
            <value>
                <option name="FOREGROUND" value="5cc4"/>
            </value>
        </option>
        <option name="DEFAULT_ATTRIBUTE">
            <value>
                <option name="FOREGROUND" value="6f42c1"/>
            </value>
        </option>
        <option name="DEFAULT_BLOCK_COMMENT">
            <value>
                <option name="FOREGROUND" value="6a737d"/>
                <option name="FONT_TYPE" value="2"/>
            </value>
        </option>
        <option name="DEFAULT_BRACES">
            <value/>
        </option>
        <option name="DEFAULT_BRACKETS">
            <value/>
        </option>
        <option name="DEFAULT_CLASS_NAME">
            <value>
                <option name="FOREGROUND" value="6f42c1"/>
            </value>
        </option>
        <option name="DEFAULT_CLASS_REFERENCE">
            <value>
                <option name="FOREGROUND" value="6f42c1"/>
            </value>
        </option>
        <option name="DEFAULT_CONSTANT">
            <value>
                <option name="FOREGROUND" value="5cc5"/>
            </value>
        </option>
        <option name="DEFAULT_DOC_COMMENT">
            <value>
                <option name="FOREGROUND" value="6a737d"/>
                <option name="FONT_TYPE" value="2"/>
            </value>
        </option>
        <option name="DEFAULT_DOC_COMMENT_TAG">
            <value>
                <option name="FOREGROUND" value="d73a49"/>
            </value>
        </option>
        <option name="DEFAULT_DOC_COMMENT_TAG_VALUE">
            <value>
                <option name="FOREGROUND" value="6a737d"/>
            </value>
        </option>
        <option name="DEFAULT_DOC_MARKUP">
            <value>
                <option name="FOREGROUND" value="6a737d"/>
            </value>
        </option>
        <option name="DEFAULT_DOT">
            <value/>
        </option>
        <option name="DEFAULT_ENTITY">
            <value>
                <option name="FOREGROUND" value="5cc5"/>
            </value>
        </option>
        <option name="DEFAULT_FUNCTION_CALL">
            <value>
                <option name="FOREGROUND" value="6f42c1"/>
            </value>
        </option>
        <option name="DEFAULT_FUNCTION_DECLARATION">
            <value>
                <option name="FOREGROUND" value="6f42c1"/>
            </value>
        </option>
        <option name="DEFAULT_IDENTIFIER">
            <value>
                <option name="FOREGROUND" value="24292e"/>
            </value>
        </option>
        <option name="DEFAULT_INSTANCE_FIELD" baseAttributes="DEFAULT_IDENTIFIER"/>
        <option name="DEFAULT_INTERFACE_NAME">
            <value>
                <option name="FOREGROUND" value="6f42c1"/>
                <option name="FONT_TYPE" value="2"/>
            </value>
        </option>
        <option name="DEFAULT_INVALID_STRING_ESCAPE">
            <value>
                <option name="EFFECT_COLOR" value="d73a49"/>
                <option name="ERROR_STRIPE_COLOR" value="d73a49"/>
                <option name="EFFECT_TYPE" value="2"/>
            </value>
        </option>
        <option name="DEFAULT_KEYWORD">
            <value>
                <option name="FOREGROUND" value="d73a49"/>
            </value>
        </option>
        <option name="DEFAULT_LABEL">
            <value>
                <option name="FOREGROUND" value="5fc4"/>
            </value>
        </option>
        <option name="DEFAULT_LINE_COMMENT">
            <value>
                <option name="FOREGROUND" value="6a737d"/>
            </value>
        </option>
        <option name="DEFAULT_METADATA">
            <value>
                <option name="FOREGROUND" value="d73a49"/>
            </value>
        </option>
        <option name="DEFAULT_NUMBER">
            <value>
                <option name="FOREGROUND" value="5cc5"/>
            </value>
        </option>
        <option name="DEFAULT_OPERATION_SIGN">
            <value>
                <option name="FOREGROUND" value="d73a49"/>
            </value>
        </option>
        <option name="DEFAULT_PARAMETER">
            <value>
                <option name="FOREGROUND" value="e36209"/>
            </value>
        </option>
        <option name="DEFAULT_PARENTHS">
            <value/>
        </option>
        <option name="DEFAULT_PREDEFINED_SYMBOL">
            <value>
                <option name="FOREGROUND" value="5cc4"/>
            </value>
        </option>
        <option name="DEFAULT_REASSIGNED_LOCAL_VARIABLE" baseAttributes="DEFAULT_LOCAL_VARIABLE"/>
        <option name="DEFAULT_REASSIGNED_PARAMETER" baseAttributes="DEFAULT_PARAMETER"/>
        <option name="DEFAULT_STATIC_FIELD">
            <value>
                <option name="FOREGROUND" value="24292e"/>
                <option name="FONT_TYPE" value="2"/>
            </value>
        </option>
        <option name="DEFAULT_STATIC_METHOD">
            <value>
                <option name="FOREGROUND" value="6f42c1"/>
                <option name="FONT_TYPE" value="2"/>
            </value>
        </option>
        <option name="DEFAULT_STRING">
            <value>
                <option name="FOREGROUND" value="32f62"/>
            </value>
        </option>
        <option name="DEFAULT_TAG">
            <value>
                <option name="FOREGROUND" value="d73a49"/>
            </value>
        </option>
        <option name="DEFAULT_TEMPLATE_LANGUAGE_COLOR">
            <value>
                <option name="BACKGROUND" value="ececec"/>
            </value>
        </option>
        <option name="DEFAULT_VALID_STRING_ESCAPE">
            <value>
                <option name="FOREGROUND" value="5cc5"/>
            </value>
        </option>
        <option name="DELETED_TEXT_ATTRIBUTES">
            <value>
                <option name="FOREGROUND" value="ffffff"/>
                <option name="BACKGROUND" value="111111"/>
            </value>
        </option>
        <option name="DEPRECATED_ATTRIBUTES">
            <value>
                <option name="FOREGROUND" value="0"/>
            </value>
        </option>
        <option name="DUPLICATE_FROM_SERVER">
            <value>
                <option name="EFFECT_COLOR" value="aaaaaa"/>
                <option name="EFFECT_TYPE" value="2"/>
            </value>
        </option>
        <option name="ELIXIR_ALIAS" baseAttributes="DEFAULT_CLASS_NAME"/>
        <option name="ELIXIR_BRACES" baseAttributes="DEFAULT_BRACES"/>
        <option name="ELIXIR_BRACKET" baseAttributes="DEFAULT_BRACKETS"/>
        <option name="ELIXIR_CALLBACK" baseAttributes="ELIXIR_SPECIFICATION"/>
        <option name="ELIXIR_CHAR_LIST" baseAttributes="DEFAULT_STRING"/>
        <option name="ELIXIR_CHAR_TOKEN" baseAttributes="DEFAULT_ENTITY"/>
        <option name="ELIXIR_DOT" baseAttributes="DEFAULT_DOT"/>
        <option name="ELIXIR_EXPRESSION_SUBSTITUTION_MARK" baseAttributes="DEFAULT_BRACES"/>
        <option name="ELIXIR_FUNCTION_CALL" baseAttributes="DEFAULT_FUNCTION_CALL"/>
        <option name="ELIXIR_IGNORED_VARIABLE" baseAttributes="ELIXIR_VARIABLE"/>
        <option name="ELIXIR_MACRO_CALL" baseAttributes="ELIXIR_FUNCTION_CALL"/>
        <option name="ELIXIR_MAP" baseAttributes="DEFAULT_BRACES"/>
        <option name="ELIXIR_OPERATION_SIGN" baseAttributes="DEFAULT_OPERATION_SIGN"/>
        <option name="ELIXIR_PARAMETER" baseAttributes="DEFAULT_PARAMETER"/>
        <option name="ELIXIR_PARENTHESES" baseAttributes="DEFAULT_PARENTHS"/>
        <option name="ELIXIR_PREDEFINED" baseAttributes="DEFAULT_PREDEFINED_SYMBOL"/>
        <option name="ELIXIR_SIGIL" baseAttributes="DEFAULT_TEMPLATE_LANGUAGE_COLOR"/>
        <option name="ELIXIR_SPECIFICATION" baseAttributes="DEFAULT_FUNCTION_DECLARATION"/>
        <option name="ELIXIR_STRUCT" baseAttributes="ELIXIR_MAP"/>
        <option name="ELIXIR_TYPE" baseAttributes="DEFAULT_METADATA"/>
        <option name="ELIXIR_TYPE_PARAMETER" baseAttributes="DEFAULT_PARAMETER"/>
        <option name="ELIXIR_VALID_ESCAPE_SEQUENCE" baseAttributes="DEFAULT_VALID_STRING_ESCAPE"/>
        <option name="ELIXIR_VARIABLE" baseAttributes="DEFAULT_LOCAL_VARIABLE"/>
        <option name="EL_BACKGROUND">
            <value/>
        </option>
        <option name="ERL_ATOM" baseAttributes="DEFAULT_IDENTIFIER"/>
        <option name="ERL_MACRO" baseAttributes="DEFAULT_STATIC_FIELD"/>
        <option name="ERL_RECORDS" baseAttributes="DEFAULT_INSTANCE_FIELD"/>
        <option name="ERL_VARIABLES" baseAttributes="DEFAULT_GLOBAL_VARIABLE"/>
        <option name="ERRORS_ATTRIBUTES">
            <value>
                <option name="EFFECT_COLOR" value="c30000"/>
                <option name="ERROR_STRIPE_COLOR" value="c30000"/>
                <option name="EFFECT_TYPE" value="2"/>
            </value>
        </option>
        <option name="FOLDED_TEXT_ATTRIBUTES">
            <value>
                <option name="BACKGROUND" value="dddddd"/>
            </value>
        </option>
        <option name="FOLLOWED_HYPERLINK_ATTRIBUTES">
            <value>
                <option name="FOREGROUND" value="5cc5"/>
                <option name="EFFECT_COLOR" value="5cc5"/>
                <option name="EFFECT_TYPE" value="1"/>
            </value>
        </option>
        <option name="GENERIC_SERVER_ERROR_OR_WARNING">
            <value>
                <option name="EFFECT_COLOR" value="c30000"/>
                <option name="ERROR_STRIPE_COLOR" value="c30000"/>
                <option name="EFFECT_TYPE" value="2"/>
            </value>
        </option>
        <option name="GHERKIN_OUTLINE_PARAMETER_SUBSTITUTION" baseAttributes="DEFAULT_INSTANCE_FIELD"/>
        <option name="GHERKIN_PYSTRING" baseAttributes="DEFAULT_STRING"/>
        <option name="GHERKIN_REGEXP_PARAMETER" baseAttributes="DEFAULT_PARAMETER"/>
        <option name="GO_BUILTIN_CONSTANT" baseAttributes="DEFAULT_CONSTANT"/>
        <option name="GO_BUILTIN_FUNCTION_CALL" baseAttributes="DEFAULT_FUNCTION_CALL"/>
        <option name="GO_BUILTIN_TYPE_REFERENCE" baseAttributes="DEFAULT_CLASS_REFERENCE"/>
        <option name="GO_BUILTIN_VARIABLE" baseAttributes="DEFAULT_GLOBAL_VARIABLE"/>
        <option name="GO_EXPORTED_FUNCTION" baseAttributes="DEFAULT_FUNCTION_DECLARATION"/>
        <option name="GO_EXPORTED_FUNCTION_CALL" baseAttributes="DEFAULT_FUNCTION_CALL"/>
        <option name="GO_LOCAL_CONSTANT" baseAttributes="DEFAULT_CONSTANT"/>
        <option name="GO_LOCAL_FUNCTION" baseAttributes="DEFAULT_FUNCTION_DECLARATION"/>
        <option name="GO_LOCAL_FUNCTION_CALL" baseAttributes="DEFAULT_FUNCTION_CALL"/>
        <option name="GO_METHOD_RECEIVER" baseAttributes="DEFAULT_LOCAL_VARIABLE"/>
        <option name="GO_PACKAGE" baseAttributes="DEFAULT_IDENTIFIER"/>
        <option name="GO_PACKAGE_EXPORTED_CONSTANT" baseAttributes="DEFAULT_CONSTANT"/>
        <option name="GO_PACKAGE_LOCAL_CONSTANT" baseAttributes="DEFAULT_CONSTANT"/>
        <option name="GO_TYPE_REFERENCE" baseAttributes="DEFAULT_CLASS_REFERENCE"/>
        <option name="GROOVY_KEYWORD" baseAttributes="JAVA_KEYWORD"/>
        <option name="HOCON_SUBSTITUTION_SIGN" baseAttributes="DEFAULT_OPERATION_SIGN"/>
        <option name="HTML_TAG_NAME">
            <value>
                <option name="FOREGROUND" value="22863a"/>
            </value>
        </option>
        <option name="HTTP_REQUEST_MULTIPART_BOUNDARY" baseAttributes="DEFAULT_DOC_COMMENT_TAG_VALUE"/>
        <option name="HTTP_REQUEST_PARAMETER_NAME">
            <value>
                <option name="FOREGROUND" value="e36209"/>
            </value>
        </option>
        <option name="HTTP_REQUEST_PARAMETER_VALUE">
            <value>
                <option name="FOREGROUND" value="5cc5"/>
            </value>
        </option>
        <option name="HYPERLINK_ATTRIBUTES">
            <value>
                <option name="FOREGROUND" value="5cc5"/>
                <option name="EFFECT_COLOR" value="5cc5"/>
                <option name="EFFECT_TYPE" value="1"/>
            </value>
        </option>
        <option name="IDENTIFIER_UNDER_CARET_ATTRIBUTES">
            <value>
                <option name="BACKGROUND" value="dddddd"/>
                <option name="EFFECT_TYPE" value="1"/>
            </value>
        </option>
        <option name="IGNORE$NEGATION">
            <value>
                <option name="FOREGROUND" value="0"/>
            </value>
        </option>
        <option name="IGNORE.BRACKET">
            <value>
                <option name="FONT_TYPE" value="1"/>
            </value>
        </option>
        <option name="IGNORE.COMMENT">
            <value>
                <option name="FOREGROUND" value="6a737d"/>
            </value>
        </option>
        <option name="IGNORE.HEADER">
            <value>
                <option name="FOREGROUND" value="32f62"/>
                <option name="FONT_TYPE" value="1"/>
            </value>
        </option>
        <option name="IGNORE.NEGATION">
            <value>
                <option name="FOREGROUND" value="d73a49"/>
            </value>
        </option>
        <option name="IGNORE.SECTION">
            <value>
                <option name="FOREGROUND" value="32f62"/>
            </value>
        </option>
        <option name="IGNORE.SLASH">
            <value>
                <option name="FOREGROUND" value="d73a49"/>
            </value>
        </option>
        <option name="IGNORE.SYNTAX">
            <value>
                <option name="FONT_TYPE" value="1"/>
            </value>
        </option>
        <option name="IGNORE.VALUE">
            <value>
                <option name="FOREGROUND" value="24292e"/>
            </value>
        </option>
        <option name="IMPLICIT_ANONYMOUS_CLASS_PARAMETER_ATTRIBUTES">
            <value>
                <option name="FOREGROUND" value="336699"/>
            </value>
        </option>
        <option name="INFO_ATTRIBUTES">
            <value>
                <option name="EFFECT_COLOR" value="aaaaaa"/>
                <option name="EFFECT_TYPE" value="2"/>
            </value>
        </option>
        <option name="INJECTED_LANGUAGE_FRAGMENT">
            <value/>
        </option>
        <option name="INLINE_PARAMETER_HINT">
            <value>
                <option name="FOREGROUND" value="5f5f5f"/>
            </value>
        </option>
        <option name="INSTANCE_FIELD_ATTRIBUTES" baseAttributes="DEFAULT_INSTANCE_FIELD"/>
        <option name="Instance property reference ID" baseAttributes="INSTANCE_FIELD_ATTRIBUTES"/>
        <option name="Interpolated String Injection" baseAttributes="DEFAULT_IDENTIFIER"/>
        <option name="JADE_FILE_PATH" baseAttributes="DEFAULT_STRING"/>
        <option name="JADE_FILTER_NAME" baseAttributes="DEFAULT_LABEL"/>
        <option name="JADE_JS_BLOCK" baseAttributes="DEFAULT_IDENTIFIER"/>
        <option name="JADE_STATEMENTS" baseAttributes="DEFAULT_KEYWORD"/>
        <option name="JAVA.THIS_SUPER">
            <value>
                <option name="FOREGROUND" value="32f62"/>
            </value>
        </option>
        <option name="JS.CONSOLE">
            <value>
                <option name="FOREGROUND" value="6f42c1"/>
            </value>
        </option>
        <option name="JS.GLOBAL_FUNCTION" baseAttributes="DEFAULT_FUNCTION_DECLARATION"/>
        <option name="JS.GLOBAL_VARIABLE" baseAttributes="DEFAULT_GLOBAL_VARIABLE"/>
        <option name="JS.INSTANCE_MEMBER_FUNCTION" baseAttributes="DEFAULT_INSTANCE_METHOD"/>
        <option name="JS.LOCAL_VARIABLE" baseAttributes="DEFAULT_LOCAL_VARIABLE"/>
        <option name="JS.NULL_UNDEFINED">
            <value>
                <option name="FOREGROUND" value="5cc5"/>
            </value>
        </option>
        <option name="JS.PARAMETER" baseAttributes="DEFAULT_PARAMETER"/>
        <option name="JS.REGEXP" baseAttributes="DEFAULT_STRING"/>
        <option name="JS.THIS_SUPER">
            <value>
                <option name="FOREGROUND" value="32f62"/>
            </value>
        </option>
        <option name="JSP_SCRIPTING_BACKGROUND">
            <value/>
        </option>
        <option name="KOTLIN_ANNOTATION" baseAttributes="ANNOTATION_NAME_ATTRIBUTES"/>
        <option name="KOTLIN_CLOSURE_DEFAULT_PARAMETER">
            <value>
                <option name="FOREGROUND" value="e36209"/>
                <option name="FONT_TYPE" value="1"/>
            </value>
        </option>
        <option name="KOTLIN_DYNAMIC_FUNCTION_CALL">
            <value>
                <option name="FOREGROUND" value="6f42c1"/>
                <option name="FONT_TYPE" value="3"/>
            </value>
        </option>
        <option name="KOTLIN_FUNCTION_LITERAL_BRACES_AND_ARROW">
            <value/>
        </option>
        <option name="KOTLIN_LABEL" baseAttributes="DEFAULT_LABEL"/>
        <option name="KOTLIN_NAMED_ARGUMENT">
            <value>
                <option name="FOREGROUND" value="e36209"/>
            </value>
        </option>
        <option name="KOTLIN_SMART_CAST_RECEIVER">
            <value>
                <option name="BACKGROUND" value="f6f0de"/>
            </value>
        </option>
        <option name="KOTLIN_SMART_CAST_VALUE">
            <value>
                <option name="BACKGROUND" value="f6f0de"/>
            </value>
        </option>
        <option name="KOTLIN_SMART_CONSTANT">
            <value>
                <option name="BACKGROUND" value="f6f0de"/>
            </value>
        </option>
        <option name="LOG_ERROR_OUTPUT">
            <value>
                <option name="FOREGROUND" value="cd3948"/>
            </value>
        </option>
        <option name="LOG_EXPIRED_ENTRY">
            <value>
                <option name="FOREGROUND" value="aaaaaa"/>
            </value>
        </option>
        <option name="LOG_INFO_OUTPUT">
            <value>
                <option name="FOREGROUND" value="5cc5"/>
            </value>
        </option>
        <option name="LOG_VERBOSE_OUTPUT">
            <value>
                <option name="FOREGROUND" value="32f62"/>
            </value>
        </option>
        <option name="LOG_WARNING_OUTPUT">
            <value>
                <option name="FOREGROUND" value="e36209"/>
            </value>
        </option>
        <option name="List/map to object conversion" baseAttributes="JAVA_NUMBER"/>
        <option name="MAKO.SUBSTITUTION" baseAttributes="DEFAULT_TEMPLATE_LANGUAGE_COLOR"/>
        <option name="MARKDOWN_BLOCK_QUOTE">
            <value>
                <option name="FOREGROUND" value="0"/>
                <option name="FONT_TYPE" value="2"/>
            </value>
        </option>
        <option name="MARKDOWN_CODE_BLOCK">
            <value>
                <option name="FOREGROUND" value="0"/>
                <option name="BACKGROUND" value="dddddd"/>
                <option name="FONT_TYPE" value="2"/>
            </value>
        </option>
        <option name="MARKDOWN_CODE_FENCE">
            <value>
                <option name="FOREGROUND" value="0"/>
                <option name="BACKGROUND" value="dddddd"/>
            </value>
        </option>
        <option name="MARKDOWN_CODE_SPAN">
            <value>
                <option name="BACKGROUND" value="dddddd"/>
            </value>
        </option>
        <option name="MARKDOWN_HEADER_LEVEL_1">
            <value>
                <option name="FOREGROUND" value="0"/>
                <option name="FONT_TYPE" value="1"/>
            </value>
        </option>
        <option name="MARKDOWN_HEADER_LEVEL_2">
            <value>
                <option name="FOREGROUND" value="0"/>
                <option name="FONT_TYPE" value="1"/>
            </value>
        </option>
        <option name="MARKDOWN_HEADER_LEVEL_3">
            <value>
                <option name="FOREGROUND" value="0"/>
                <option name="FONT_TYPE" value="1"/>
            </value>
        </option>
        <option name="MARKDOWN_HEADER_LEVEL_4">
            <value>
                <option name="FOREGROUND" value="0"/>
                <option name="FONT_TYPE" value="1"/>
            </value>
        </option>
        <option name="MARKDOWN_HEADER_LEVEL_5">
            <value>
                <option name="FOREGROUND" value="0"/>
                <option name="FONT_TYPE" value="1"/>
            </value>
        </option>
        <option name="MARKDOWN_HEADER_LEVEL_6">
            <value>
                <option name="FOREGROUND" value="0"/>
                <option name="FONT_TYPE" value="1"/>
            </value>
        </option>
        <option name="MARKDOWN_LINK_DESTINATION">
            <value>
                <option name="FOREGROUND" value="5cc5"/>
                <option name="EFFECT_COLOR" value="5cc5"/>
                <option name="EFFECT_TYPE" value="1"/>
            </value>
        </option>
        <option name="MARKDOWN_LINK_TEXT">
            <value>
                <option name="FOREGROUND" value="5cc5"/>
                <option name="EFFECT_TYPE" value="1"/>
            </value>
        </option>
        <option name="MARKDOWN_NAVIGATOR.ABBREVIATED_TEXT">
            <value>
                <option name="EFFECT_COLOR" value="5cc5"/>
                <option name="EFFECT_TYPE" value="5"/>
            </value>
        </option>
        <option name="MARKDOWN_NAVIGATOR.ABBREVIATION">
            <value>
                <option name="FOREGROUND" value="d73a49"/>
                <option name="FONT_TYPE" value="1"/>
            </value>
        </option>
        <option name="MARKDOWN_NAVIGATOR.ABBREVIATION_EXPANDED_TEXT">
            <value>
                <option name="FOREGROUND" value="24292e"/>
                <option name="FONT_TYPE" value="1"/>
            </value>
        </option>
        <option name="MARKDOWN_NAVIGATOR.ANCHOR" baseAttributes="MARKDOWN_NAVIGATOR.INLINE_HTML"/>
        <option name="MARKDOWN_NAVIGATOR.ANCHOR_ID" baseAttributes="DEFAULT_IDENTIFIER"/>
        <option name="MARKDOWN_NAVIGATOR.ATX_HEADER">
            <value>
                <option name="FOREGROUND" value="5cc5"/>
                <option name="FONT_TYPE" value="1"/>
            </value>
        </option>
        <option name="MARKDOWN_NAVIGATOR.AUTO_LINK" baseAttributes="CTRL_CLICKABLE"/>
        <option name="MARKDOWN_NAVIGATOR.BOLD_MARKER" baseAttributes="DEFAULT_OPERATION_SIGN"/>
        <option name="MARKDOWN_NAVIGATOR.BOLD_TEXT_CODE_TEXT">
            <value>
                <option name="BACKGROUND" value="ececec"/>
                <option name="FONT_TYPE" value="1"/>
            </value>
        </option>
        <option name="MARKDOWN_NAVIGATOR.BOLD_TEXT_ITALIC_TEXT">
            <value>
                <option name="FONT_TYPE" value="3"/>
            </value>
        </option>
        <option name="MARKDOWN_NAVIGATOR.BOLD_TEXT_ITALIC_TEXT_CODE_TEXT">
            <value>
                <option name="BACKGROUND" value="ececec"/>
                <option name="FONT_TYPE" value="3"/>
            </value>
        </option>
        <option name="MARKDOWN_NAVIGATOR.BULLET_LIST">
            <value>
                <option name="FOREGROUND" value="e36209"/>
            </value>
        </option>
        <option name="MARKDOWN_NAVIGATOR.DEBUG_FLEXMARK_SOURCE_KEY"
                baseAttributes="MARKDOWN_NAVIGATOR.DEBUG_FORMAT_TEXT_BLOCK"/>
        <option name="MARKDOWN_NAVIGATOR.DEFINITION_MARKER">
            <value>
                <option name="FOREGROUND" value="d73a49"/>
                <option name="FONT_TYPE" value="1"/>
            </value>
        </option>
        <option name="MARKDOWN_NAVIGATOR.DEFINITION_TERM">
            <value>
                <option name="FOREGROUND" value="22863a"/>
                <option name="FONT_TYPE" value="1"/>
            </value>
        </option>
        <option name="MARKDOWN_NAVIGATOR.EMOJI_ID" baseAttributes="DEFAULT_IDENTIFIER"/>
        <option name="MARKDOWN_NAVIGATOR.EXPLICIT_LINK">
            <value>
                <option name="FOREGROUND" value="d73a49"/>
            </value>
        </option>
        <option name="MARKDOWN_NAVIGATOR.FLEXMARK_EXAMPLE_OPTION" baseAttributes="MARKDOWN_NAVIGATOR.VERBATIM_MARKER"/>
        <option name="MARKDOWN_NAVIGATOR.FLEXMARK_EXAMPLE_SECTION" baseAttributes="MARKDOWN_NAVIGATOR.TEXT"/>
        <option name="MARKDOWN_NAVIGATOR.FLEXMARK_EXAMPLE_SEPARATOR"
                baseAttributes="MARKDOWN_NAVIGATOR.VERBATIM_MARKER"/>
        <option name="MARKDOWN_NAVIGATOR.FOOTNOTE" baseAttributes="DEFAULT_BRACKETS"/>
        <option name="MARKDOWN_NAVIGATOR.FOOTNOTE_ID">
            <value>
                <option name="FOREGROUND" value="5cc5"/>
            </value>
        </option>
        <option name="MARKDOWN_NAVIGATOR.FOOTNOTE_REF">
            <value>
                <option name="FOREGROUND" value="5cc5"/>
            </value>
        </option>
        <option name="MARKDOWN_NAVIGATOR.HEADER_TEXT">
            <value>
                <option name="FOREGROUND" value="5cc5"/>
                <option name="FONT_TYPE" value="1"/>
            </value>
        </option>
        <option name="MARKDOWN_NAVIGATOR.HRULE">
            <value>
                <option name="FOREGROUND" value="6a737d"/>
                <option name="FONT_TYPE" value="1"/>
            </value>
        </option>
        <option name="MARKDOWN_NAVIGATOR.HTML_BLOCK" baseAttributes="DEFAULT_TEMPLATE_LANGUAGE_COLOR"/>
        <option name="MARKDOWN_NAVIGATOR.IMAGE">
            <value>
                <option name="FOREGROUND" value="d73a49"/>
            </value>
        </option>
        <option name="MARKDOWN_NAVIGATOR.IMAGE_LINK_REF" baseAttributes="MARKDOWN_NAVIGATOR.AUTO_LINK"/>
        <option name="MARKDOWN_NAVIGATOR.IMAGE_LINK_REF_TITLE">
            <value>
                <option name="FOREGROUND" value="22863a"/>
                <option name="FONT_TYPE" value="1"/>
            </value>
        </option>
        <option name="MARKDOWN_NAVIGATOR.INLINE_HTML" baseAttributes="MARKDOWN_NAVIGATOR.HTML_BLOCK"/>
        <option name="MARKDOWN_NAVIGATOR.ITALIC_MARKER" baseAttributes="DEFAULT_OPERATION_SIGN"/>
        <option name="MARKDOWN_NAVIGATOR.ITALIC_TEXT_CODE_TEXT">
            <value>
                <option name="BACKGROUND" value="ececec"/>
                <option name="FONT_TYPE" value="2"/>
            </value>
        </option>
        <option name="MARKDOWN_NAVIGATOR.JEKYLL_FRONT_MATTER_BLOCK">
            <value>
                <option name="FOREGROUND" value="32f62"/>
            </value>
        </option>
        <option name="MARKDOWN_NAVIGATOR.LINE_BREAK_SPACES" baseAttributes="DEFAULT_INVALID_STRING_ESCAPE"/>
        <option name="MARKDOWN_NAVIGATOR.LINK_REF" baseAttributes="MARKDOWN_NAVIGATOR.AUTO_LINK"/>
        <option name="MARKDOWN_NAVIGATOR.LINK_REF_ANCHOR">
            <value>
                <option name="FOREGROUND" value="e36209"/>
                <option name="EFFECT_COLOR" value="5cc5"/>
                <option name="EFFECT_TYPE" value="1"/>
            </value>
        </option>
        <option name="MARKDOWN_NAVIGATOR.LINK_REF_ANCHOR_MARKER">
            <value>
                <option name="FOREGROUND" value="5cc5"/>
                <option name="EFFECT_COLOR" value="5cc5"/>
                <option name="EFFECT_TYPE" value="1"/>
            </value>
        </option>
        <option name="MARKDOWN_NAVIGATOR.LINK_REF_TITLE">
            <value>
                <option name="FOREGROUND" value="22863a"/>
                <option name="FONT_TYPE" value="1"/>
            </value>
        </option>
        <option name="MARKDOWN_NAVIGATOR.MAIL_LINK" baseAttributes="MARKDOWN_NAVIGATOR.AUTO_LINK"/>
        <option name="MARKDOWN_NAVIGATOR.ORDERED_LIST" baseAttributes="MARKDOWN_NAVIGATOR.BULLET_LIST"/>
        <option name="MARKDOWN_NAVIGATOR.QUOTE" baseAttributes="DEFAULT_STRING"/>
        <option name="MARKDOWN_NAVIGATOR.REFERENCE" baseAttributes="MARKDOWN_NAVIGATOR.FOOTNOTE"/>
        <option name="MARKDOWN_NAVIGATOR.REFERENCE_ANCHOR" baseAttributes="MARKDOWN_NAVIGATOR.REFERENCE_LINK_REF"/>
        <option name="MARKDOWN_NAVIGATOR.REFERENCE_LINK_REF" baseAttributes="MARKDOWN_NAVIGATOR.AUTO_LINK"/>
        <option name="MARKDOWN_NAVIGATOR.REFERENCE_TEXT">
            <value>
                <option name="FOREGROUND" value="5cc5"/>
            </value>
        </option>
        <option name="MARKDOWN_NAVIGATOR.REFERENCE_TITLE">
            <value>
                <option name="FOREGROUND" value="22863a"/>
                <option name="FONT_TYPE" value="1"/>
            </value>
        </option>
        <option name="MARKDOWN_NAVIGATOR.SETEXT_HEADER">
            <value>
                <option name="FONT_TYPE" value="1"/>
            </value>
        </option>
        <option name="MARKDOWN_NAVIGATOR.SIM_TOC_TITLE">
            <value>
                <option name="FOREGROUND" value="32f62"/>
            </value>
        </option>
        <option name="MARKDOWN_NAVIGATOR.SMARTS" baseAttributes="MARKDOWN_NAVIGATOR.TEXT"/>
        <option name="MARKDOWN_NAVIGATOR.SPECIAL_TEXT" baseAttributes="DEFAULT_VALID_STRING_ESCAPE"/>
        <option name="MARKDOWN_NAVIGATOR.STRIKETHROUGH">
            <value>
                <option name="EFFECT_COLOR" value="d73a49"/>
                <option name="EFFECT_TYPE" value="3"/>
            </value>
        </option>
        <option name="MARKDOWN_NAVIGATOR.STRIKETHROUGH_MARKER" baseAttributes="DEFAULT_OPERATION_SIGN"/>
        <option name="MARKDOWN_NAVIGATOR.STRIKETHROUGH_TEXT_BOLD_TEXT">
            <value>
                <option name="FONT_TYPE" value="1"/>
                <option name="EFFECT_COLOR" value="d73a49"/>
                <option name="EFFECT_TYPE" value="3"/>
            </value>
        </option>
        <option name="MARKDOWN_NAVIGATOR.STRIKETHROUGH_TEXT_BOLD_TEXT_CODE_TEXT">
            <value>
                <option name="BACKGROUND" value="ececec"/>
                <option name="FONT_TYPE" value="1"/>
                <option name="EFFECT_COLOR" value="d73a49"/>
                <option name="EFFECT_TYPE" value="3"/>
            </value>
        </option>
        <option name="MARKDOWN_NAVIGATOR.STRIKETHROUGH_TEXT_BOLD_TEXT_ITALIC_TEXT">
            <value>
                <option name="FONT_TYPE" value="3"/>
                <option name="EFFECT_COLOR" value="d73a49"/>
                <option name="EFFECT_TYPE" value="3"/>
            </value>
        </option>
        <option name="MARKDOWN_NAVIGATOR.STRIKETHROUGH_TEXT_BOLD_TEXT_ITALIC_TEXT_CODE_TEXT">
            <value>
                <option name="BACKGROUND" value="ececec"/>
                <option name="FONT_TYPE" value="3"/>
                <option name="EFFECT_COLOR" value="d73a49"/>
                <option name="EFFECT_TYPE" value="3"/>
            </value>
        </option>
        <option name="MARKDOWN_NAVIGATOR.STRIKETHROUGH_TEXT_CODE_TEXT">
            <value>
                <option name="BACKGROUND" value="ececec"/>
                <option name="EFFECT_COLOR" value="d73a49"/>
                <option name="EFFECT_TYPE" value="3"/>
            </value>
        </option>
        <option name="MARKDOWN_NAVIGATOR.STRIKETHROUGH_TEXT_ITALIC_TEXT">
            <value>
                <option name="FONT_TYPE" value="2"/>
                <option name="EFFECT_COLOR" value="d73a49"/>
                <option name="EFFECT_TYPE" value="3"/>
            </value>
        </option>
        <option name="MARKDOWN_NAVIGATOR.STRIKETHROUGH_TEXT_ITALIC_TEXT_CODE_TEXT">
            <value>
                <option name="BACKGROUND" value="ececec"/>
                <option name="FONT_TYPE" value="2"/>
                <option name="EFFECT_COLOR" value="d73a49"/>
                <option name="EFFECT_TYPE" value="3"/>
            </value>
        </option>
        <option name="MARKDOWN_NAVIGATOR.SUBSCRIPT">
            <value>
                <option name="EFFECT_COLOR" value="d73a49"/>
                <option name="EFFECT_TYPE" value="5"/>
            </value>
        </option>
        <option name="MARKDOWN_NAVIGATOR.SUBSCRIPT_MARKER" baseAttributes="DEFAULT_OPERATION_SIGN"/>
        <option name="MARKDOWN_NAVIGATOR.SUPERSCRIPT">
            <value>
                <option name="EFFECT_COLOR" value="d73a49"/>
                <option name="EFFECT_TYPE" value="4"/>
            </value>
        </option>
        <option name="MARKDOWN_NAVIGATOR.SUPERSCRIPT_MARKER" baseAttributes="DEFAULT_OPERATION_SIGN"/>
        <option name="MARKDOWN_NAVIGATOR.TABLE">
            <value/>
        </option>
        <option name="MARKDOWN_NAVIGATOR.TABLE_CAPTION">
            <value>
                <option name="FOREGROUND" value="22863a"/>
                <option name="FONT_TYPE" value="1"/>
            </value>
        </option>
        <option name="MARKDOWN_NAVIGATOR.TABLE_CELL_REVEN_CEVEN">
            <value>
                <option name="BACKGROUND" value="cce5ff"/>
            </value>
        </option>
        <option name="MARKDOWN_NAVIGATOR.TABLE_CELL_REVEN_CEVEN_BOLD_TEXT">
            <value>
                <option name="BACKGROUND" value="cce5ff"/>
                <option name="FONT_TYPE" value="1"/>
            </value>
        </option>
        <option name="MARKDOWN_NAVIGATOR.TABLE_CELL_REVEN_CEVEN_BOLD_TEXT_ITALIC_TEXT">
            <value>
                <option name="BACKGROUND" value="cce5ff"/>
                <option name="FONT_TYPE" value="3"/>
            </value>
        </option>
        <option name="MARKDOWN_NAVIGATOR.TABLE_CELL_REVEN_CEVEN_ITALIC_TEXT">
            <value>
                <option name="BACKGROUND" value="cce5ff"/>
                <option name="FONT_TYPE" value="2"/>
            </value>
        </option>
        <option name="MARKDOWN_NAVIGATOR.TABLE_CELL_REVEN_CEVEN_STRIKETHROUGH_TEXT">
            <value>
                <option name="BACKGROUND" value="cce5ff"/>
                <option name="EFFECT_COLOR" value="d73a49"/>
                <option name="EFFECT_TYPE" value="3"/>
            </value>
        </option>
        <option name="MARKDOWN_NAVIGATOR.TABLE_CELL_REVEN_CEVEN_STRIKETHROUGH_TEXT_BOLD_TEXT">
            <value>
                <option name="BACKGROUND" value="cce5ff"/>
                <option name="FONT_TYPE" value="1"/>
                <option name="EFFECT_COLOR" value="d73a49"/>
                <option name="EFFECT_TYPE" value="3"/>
            </value>
        </option>
        <option name="MARKDOWN_NAVIGATOR.TABLE_CELL_REVEN_CEVEN_STRIKETHROUGH_TEXT_BOLD_TEXT_ITALIC_TEXT">
            <value>
                <option name="BACKGROUND" value="cce5ff"/>
                <option name="FONT_TYPE" value="3"/>
                <option name="EFFECT_COLOR" value="d73a49"/>
                <option name="EFFECT_TYPE" value="3"/>
            </value>
        </option>
        <option name="MARKDOWN_NAVIGATOR.TABLE_CELL_REVEN_CEVEN_STRIKETHROUGH_TEXT_ITALIC_TEXT">
            <value>
                <option name="BACKGROUND" value="cce5ff"/>
                <option name="FONT_TYPE" value="2"/>
                <option name="EFFECT_COLOR" value="d73a49"/>
                <option name="EFFECT_TYPE" value="3"/>
            </value>
        </option>
        <option name="MARKDOWN_NAVIGATOR.TABLE_CELL_REVEN_CODD">
            <value>
                <option name="BACKGROUND" value="cce5ff"/>
            </value>
        </option>
        <option name="MARKDOWN_NAVIGATOR.TABLE_CELL_REVEN_CODD_BOLD_TEXT">
            <value>
                <option name="BACKGROUND" value="cce5ff"/>
                <option name="FONT_TYPE" value="1"/>
            </value>
        </option>
        <option name="MARKDOWN_NAVIGATOR.TABLE_CELL_REVEN_CODD_BOLD_TEXT_ITALIC_TEXT">
            <value>
                <option name="BACKGROUND" value="cce5ff"/>
                <option name="FONT_TYPE" value="3"/>
            </value>
        </option>
        <option name="MARKDOWN_NAVIGATOR.TABLE_CELL_REVEN_CODD_ITALIC_TEXT">
            <value>
                <option name="BACKGROUND" value="cce5ff"/>
                <option name="FONT_TYPE" value="2"/>
            </value>
        </option>
        <option name="MARKDOWN_NAVIGATOR.TABLE_CELL_REVEN_CODD_STRIKETHROUGH_TEXT">
            <value>
                <option name="BACKGROUND" value="cce5ff"/>
                <option name="EFFECT_COLOR" value="d73a49"/>
                <option name="EFFECT_TYPE" value="3"/>
            </value>
        </option>
        <option name="MARKDOWN_NAVIGATOR.TABLE_CELL_REVEN_CODD_STRIKETHROUGH_TEXT_BOLD_TEXT">
            <value>
                <option name="BACKGROUND" value="cce5ff"/>
                <option name="FONT_TYPE" value="1"/>
                <option name="EFFECT_COLOR" value="d73a49"/>
                <option name="EFFECT_TYPE" value="3"/>
            </value>
        </option>
        <option name="MARKDOWN_NAVIGATOR.TABLE_CELL_REVEN_CODD_STRIKETHROUGH_TEXT_BOLD_TEXT_ITALIC_TEXT">
            <value>
                <option name="BACKGROUND" value="cce5ff"/>
                <option name="FONT_TYPE" value="3"/>
                <option name="EFFECT_COLOR" value="d73a49"/>
                <option name="EFFECT_TYPE" value="3"/>
            </value>
        </option>
        <option name="MARKDOWN_NAVIGATOR.TABLE_CELL_REVEN_CODD_STRIKETHROUGH_TEXT_ITALIC_TEXT">
            <value>
                <option name="BACKGROUND" value="cce5ff"/>
                <option name="FONT_TYPE" value="2"/>
                <option name="EFFECT_COLOR" value="d73a49"/>
                <option name="EFFECT_TYPE" value="3"/>
            </value>
        </option>
        <option name="MARKDOWN_NAVIGATOR.TABLE_CELL_RODD_CEVEN">
            <value/>
        </option>
        <option name="MARKDOWN_NAVIGATOR.TABLE_CELL_RODD_CEVEN_BOLD_TEXT">
            <value>
                <option name="FONT_TYPE" value="1"/>
            </value>
        </option>
        <option name="MARKDOWN_NAVIGATOR.TABLE_CELL_RODD_CEVEN_BOLD_TEXT_ITALIC_TEXT">
            <value>
                <option name="FONT_TYPE" value="3"/>
            </value>
        </option>
        <option name="MARKDOWN_NAVIGATOR.TABLE_CELL_RODD_CEVEN_ITALIC_TEXT">
            <value>
                <option name="FONT_TYPE" value="2"/>
            </value>
        </option>
        <option name="MARKDOWN_NAVIGATOR.TABLE_CELL_RODD_CEVEN_STRIKETHROUGH_TEXT">
            <value>
                <option name="EFFECT_COLOR" value="d73a49"/>
                <option name="EFFECT_TYPE" value="3"/>
            </value>
        </option>
        <option name="MARKDOWN_NAVIGATOR.TABLE_CELL_RODD_CEVEN_STRIKETHROUGH_TEXT_BOLD_TEXT">
            <value>
                <option name="FONT_TYPE" value="1"/>
                <option name="EFFECT_COLOR" value="d73a49"/>
                <option name="EFFECT_TYPE" value="3"/>
            </value>
        </option>
        <option name="MARKDOWN_NAVIGATOR.TABLE_CELL_RODD_CEVEN_STRIKETHROUGH_TEXT_BOLD_TEXT_ITALIC_TEXT">
            <value>
                <option name="FONT_TYPE" value="3"/>
                <option name="EFFECT_COLOR" value="d73a49"/>
                <option name="EFFECT_TYPE" value="3"/>
            </value>
        </option>
        <option name="MARKDOWN_NAVIGATOR.TABLE_CELL_RODD_CEVEN_STRIKETHROUGH_TEXT_ITALIC_TEXT">
            <value>
                <option name="FONT_TYPE" value="2"/>
                <option name="EFFECT_COLOR" value="d73a49"/>
                <option name="EFFECT_TYPE" value="3"/>
            </value>
        </option>
        <option name="MARKDOWN_NAVIGATOR.TABLE_CELL_RODD_CODD_BOLD_TEXT">
            <value>
                <option name="FONT_TYPE" value="1"/>
            </value>
        </option>
        <option name="MARKDOWN_NAVIGATOR.TABLE_CELL_RODD_CODD_BOLD_TEXT_ITALIC_TEXT">
            <value>
                <option name="FONT_TYPE" value="3"/>
            </value>
        </option>
        <option name="MARKDOWN_NAVIGATOR.TABLE_CELL_RODD_CODD_ITALIC_TEXT">
            <value>
                <option name="FONT_TYPE" value="2"/>
            </value>
        </option>
        <option name="MARKDOWN_NAVIGATOR.TABLE_CELL_RODD_CODD_STRIKETHROUGH_TEXT">
            <value>
                <option name="EFFECT_COLOR" value="d73a49"/>
                <option name="EFFECT_TYPE" value="3"/>
            </value>
        </option>
        <option name="MARKDOWN_NAVIGATOR.TABLE_CELL_RODD_CODD_STRIKETHROUGH_TEXT_BOLD_TEXT">
            <value>
                <option name="FONT_TYPE" value="1"/>
                <option name="EFFECT_COLOR" value="d73a49"/>
                <option name="EFFECT_TYPE" value="3"/>
            </value>
        </option>
        <option name="MARKDOWN_NAVIGATOR.TABLE_CELL_RODD_CODD_STRIKETHROUGH_TEXT_BOLD_TEXT_ITALIC_TEXT">
            <value>
                <option name="FONT_TYPE" value="3"/>
                <option name="EFFECT_COLOR" value="d73a49"/>
                <option name="EFFECT_TYPE" value="3"/>
            </value>
        </option>
        <option name="MARKDOWN_NAVIGATOR.TABLE_CELL_RODD_CODD_STRIKETHROUGH_TEXT_ITALIC_TEXT">
            <value>
                <option name="FONT_TYPE" value="2"/>
                <option name="EFFECT_COLOR" value="d73a49"/>
                <option name="EFFECT_TYPE" value="3"/>
            </value>
        </option>
        <option name="MARKDOWN_NAVIGATOR.TABLE_HDR_CELL_REVEN_CEVEN"
                baseAttributes="MARKDOWN_NAVIGATOR.TABLE_CELL_REVEN_CEVEN"/>
        <option name="MARKDOWN_NAVIGATOR.TABLE_HDR_CELL_REVEN_CEVEN_BOLD_TEXT">
            <value>
                <option name="BACKGROUND" value="cce5ff"/>
                <option name="FONT_TYPE" value="1"/>
            </value>
        </option>
        <option name="MARKDOWN_NAVIGATOR.TABLE_HDR_CELL_REVEN_CEVEN_BOLD_TEXT_ITALIC_TEXT">
            <value>
                <option name="BACKGROUND" value="cce5ff"/>
                <option name="FONT_TYPE" value="3"/>
            </value>
        </option>
        <option name="MARKDOWN_NAVIGATOR.TABLE_HDR_CELL_REVEN_CEVEN_ITALIC_TEXT">
            <value>
                <option name="BACKGROUND" value="cce5ff"/>
                <option name="FONT_TYPE" value="2"/>
            </value>
        </option>
        <option name="MARKDOWN_NAVIGATOR.TABLE_HDR_CELL_REVEN_CEVEN_STRIKETHROUGH_TEXT">
            <value>
                <option name="BACKGROUND" value="cce5ff"/>
                <option name="EFFECT_COLOR" value="d73a49"/>
                <option name="EFFECT_TYPE" value="3"/>
            </value>
        </option>
        <option name="MARKDOWN_NAVIGATOR.TABLE_HDR_CELL_REVEN_CEVEN_STRIKETHROUGH_TEXT_BOLD_TEXT">
            <value>
                <option name="BACKGROUND" value="cce5ff"/>
                <option name="FONT_TYPE" value="1"/>
                <option name="EFFECT_COLOR" value="d73a49"/>
                <option name="EFFECT_TYPE" value="3"/>
            </value>
        </option>
        <option name="MARKDOWN_NAVIGATOR.TABLE_HDR_CELL_REVEN_CEVEN_STRIKETHROUGH_TEXT_BOLD_TEXT_ITALIC_TEXT">
            <value>
                <option name="BACKGROUND" value="cce5ff"/>
                <option name="FONT_TYPE" value="3"/>
                <option name="EFFECT_COLOR" value="d73a49"/>
                <option name="EFFECT_TYPE" value="3"/>
            </value>
        </option>
        <option name="MARKDOWN_NAVIGATOR.TABLE_HDR_CELL_REVEN_CEVEN_STRIKETHROUGH_TEXT_ITALIC_TEXT">
            <value>
                <option name="BACKGROUND" value="cce5ff"/>
                <option name="FONT_TYPE" value="2"/>
                <option name="EFFECT_COLOR" value="d73a49"/>
                <option name="EFFECT_TYPE" value="3"/>
            </value>
        </option>
        <option name="MARKDOWN_NAVIGATOR.TABLE_HDR_CELL_REVEN_CODD"
                baseAttributes="MARKDOWN_NAVIGATOR.TABLE_CELL_REVEN_CODD"/>
        <option name="MARKDOWN_NAVIGATOR.TABLE_HDR_CELL_REVEN_CODD_BOLD_TEXT">
            <value>
                <option name="BACKGROUND" value="cce5ff"/>
                <option name="FONT_TYPE" value="1"/>
            </value>
        </option>
        <option name="MARKDOWN_NAVIGATOR.TABLE_HDR_CELL_REVEN_CODD_BOLD_TEXT_ITALIC_TEXT">
            <value>
                <option name="BACKGROUND" value="cce5ff"/>
                <option name="FONT_TYPE" value="3"/>
            </value>
        </option>
        <option name="MARKDOWN_NAVIGATOR.TABLE_HDR_CELL_REVEN_CODD_ITALIC_TEXT">
            <value>
                <option name="BACKGROUND" value="cce5ff"/>
                <option name="FONT_TYPE" value="2"/>
            </value>
        </option>
        <option name="MARKDOWN_NAVIGATOR.TABLE_HDR_CELL_REVEN_CODD_STRIKETHROUGH_TEXT">
            <value>
                <option name="BACKGROUND" value="cce5ff"/>
                <option name="EFFECT_COLOR" value="d73a49"/>
                <option name="EFFECT_TYPE" value="3"/>
            </value>
        </option>
        <option name="MARKDOWN_NAVIGATOR.TABLE_HDR_CELL_REVEN_CODD_STRIKETHROUGH_TEXT_BOLD_TEXT">
            <value>
                <option name="BACKGROUND" value="cce5ff"/>
                <option name="FONT_TYPE" value="1"/>
                <option name="EFFECT_COLOR" value="d73a49"/>
                <option name="EFFECT_TYPE" value="3"/>
            </value>
        </option>
        <option name="MARKDOWN_NAVIGATOR.TABLE_HDR_CELL_REVEN_CODD_STRIKETHROUGH_TEXT_BOLD_TEXT_ITALIC_TEXT">
            <value>
                <option name="BACKGROUND" value="cce5ff"/>
                <option name="FONT_TYPE" value="3"/>
                <option name="EFFECT_COLOR" value="d73a49"/>
                <option name="EFFECT_TYPE" value="3"/>
            </value>
        </option>
        <option name="MARKDOWN_NAVIGATOR.TABLE_HDR_CELL_REVEN_CODD_STRIKETHROUGH_TEXT_ITALIC_TEXT">
            <value>
                <option name="BACKGROUND" value="cce5ff"/>
                <option name="FONT_TYPE" value="2"/>
                <option name="EFFECT_COLOR" value="d73a49"/>
                <option name="EFFECT_TYPE" value="3"/>
            </value>
        </option>
        <option name="MARKDOWN_NAVIGATOR.TABLE_HDR_CELL_RODD_CEVEN"
                baseAttributes="MARKDOWN_NAVIGATOR.TABLE_CELL_RODD_CEVEN"/>
        <option name="MARKDOWN_NAVIGATOR.TABLE_HDR_CELL_RODD_CEVEN_BOLD_TEXT">
            <value>
                <option name="FONT_TYPE" value="1"/>
            </value>
        </option>
        <option name="MARKDOWN_NAVIGATOR.TABLE_HDR_CELL_RODD_CEVEN_BOLD_TEXT_ITALIC_TEXT">
            <value>
                <option name="FONT_TYPE" value="3"/>
            </value>
        </option>
        <option name="MARKDOWN_NAVIGATOR.TABLE_HDR_CELL_RODD_CEVEN_ITALIC_TEXT">
            <value>
                <option name="FONT_TYPE" value="2"/>
            </value>
        </option>
        <option name="MARKDOWN_NAVIGATOR.TABLE_HDR_CELL_RODD_CEVEN_STRIKETHROUGH_TEXT">
            <value>
                <option name="EFFECT_COLOR" value="d73a49"/>
                <option name="EFFECT_TYPE" value="3"/>
            </value>
        </option>
        <option name="MARKDOWN_NAVIGATOR.TABLE_HDR_CELL_RODD_CEVEN_STRIKETHROUGH_TEXT_BOLD_TEXT">
            <value>
                <option name="FONT_TYPE" value="1"/>
                <option name="EFFECT_COLOR" value="d73a49"/>
                <option name="EFFECT_TYPE" value="3"/>
            </value>
        </option>
        <option name="MARKDOWN_NAVIGATOR.TABLE_HDR_CELL_RODD_CEVEN_STRIKETHROUGH_TEXT_BOLD_TEXT_ITALIC_TEXT">
            <value>
                <option name="FONT_TYPE" value="3"/>
                <option name="EFFECT_COLOR" value="d73a49"/>
                <option name="EFFECT_TYPE" value="3"/>
            </value>
        </option>
        <option name="MARKDOWN_NAVIGATOR.TABLE_HDR_CELL_RODD_CEVEN_STRIKETHROUGH_TEXT_ITALIC_TEXT">
            <value>
                <option name="FONT_TYPE" value="2"/>
                <option name="EFFECT_COLOR" value="d73a49"/>
                <option name="EFFECT_TYPE" value="3"/>
            </value>
        </option>
        <option name="MARKDOWN_NAVIGATOR.TABLE_HDR_CELL_RODD_CODD"
                baseAttributes="MARKDOWN_NAVIGATOR.TABLE_CELL_RODD_CODD"/>
        <option name="MARKDOWN_NAVIGATOR.TABLE_HDR_CELL_RODD_CODD_BOLD_TEXT">
            <value>
                <option name="FONT_TYPE" value="1"/>
            </value>
        </option>
        <option name="MARKDOWN_NAVIGATOR.TABLE_HDR_CELL_RODD_CODD_BOLD_TEXT_ITALIC_TEXT">
            <value>
                <option name="FONT_TYPE" value="3"/>
            </value>
        </option>
        <option name="MARKDOWN_NAVIGATOR.TABLE_HDR_CELL_RODD_CODD_ITALIC_TEXT">
            <value>
                <option name="FONT_TYPE" value="2"/>
            </value>
        </option>
        <option name="MARKDOWN_NAVIGATOR.TABLE_HDR_CELL_RODD_CODD_STRIKETHROUGH_TEXT">
            <value>
                <option name="EFFECT_COLOR" value="d73a49"/>
                <option name="EFFECT_TYPE" value="3"/>
            </value>
        </option>
        <option name="MARKDOWN_NAVIGATOR.TABLE_HDR_CELL_RODD_CODD_STRIKETHROUGH_TEXT_BOLD_TEXT">
            <value>
                <option name="FONT_TYPE" value="1"/>
                <option name="EFFECT_COLOR" value="d73a49"/>
                <option name="EFFECT_TYPE" value="3"/>
            </value>
        </option>
        <option name="MARKDOWN_NAVIGATOR.TABLE_HDR_CELL_RODD_CODD_STRIKETHROUGH_TEXT_BOLD_TEXT_ITALIC_TEXT">
            <value>
                <option name="FONT_TYPE" value="3"/>
                <option name="EFFECT_COLOR" value="d73a49"/>
                <option name="EFFECT_TYPE" value="3"/>
            </value>
        </option>
        <option name="MARKDOWN_NAVIGATOR.TABLE_HDR_CELL_RODD_CODD_STRIKETHROUGH_TEXT_ITALIC_TEXT">
            <value>
                <option name="FONT_TYPE" value="2"/>
                <option name="EFFECT_COLOR" value="d73a49"/>
                <option name="EFFECT_TYPE" value="3"/>
            </value>
        </option>
        <option name="MARKDOWN_NAVIGATOR.TABLE_HDR_ROW_EVEN" baseAttributes="MARKDOWN_NAVIGATOR.TABLE_ROW_EVEN"/>
        <option name="MARKDOWN_NAVIGATOR.TABLE_HDR_ROW_ODD" baseAttributes="MARKDOWN_NAVIGATOR.TABLE_ROW_ODD"/>
        <option name="MARKDOWN_NAVIGATOR.TABLE_ROW_EVEN">
            <value>
                <option name="BACKGROUND" value="cce5ff"/>
            </value>
        </option>
        <option name="MARKDOWN_NAVIGATOR.TABLE_ROW_ODD">
            <value/>
        </option>
        <option name="MARKDOWN_NAVIGATOR.TABLE_SEPARATOR">
            <value/>
        </option>
        <option name="MARKDOWN_NAVIGATOR.TABLE_SEP_COLUMN_EVEN"
                baseAttributes="MARKDOWN_NAVIGATOR.TABLE_CELL_REVEN_CEVEN"/>
        <option name="MARKDOWN_NAVIGATOR.TABLE_SEP_COLUMN_ODD"
                baseAttributes="MARKDOWN_NAVIGATOR.TABLE_CELL_REVEN_CODD"/>
        <option name="MARKDOWN_NAVIGATOR.TASK_DONE_ITEM_MARKER">
            <value>
                <option name="FOREGROUND" value="6f42c1"/>
            </value>
        </option>
        <option name="MARKDOWN_NAVIGATOR.TASK_ITEM_MARKER">
            <value>
                <option name="FOREGROUND" value="6f42c1"/>
            </value>
        </option>
        <option name="MARKDOWN_NAVIGATOR.TOC">
            <value>
                <option name="FOREGROUND" value="6f42c1"/>
                <option name="FONT_TYPE" value="1"/>
            </value>
        </option>
        <option name="MARKDOWN_NAVIGATOR.TOC_OPTION">
            <value>
                <option name="FOREGROUND" value="6f42c1"/>
            </value>
        </option>
        <option name="MARKDOWN_NAVIGATOR.UNDERLINE">
            <value>
                <option name="EFFECT_COLOR" value="d73a49"/>
                <option name="EFFECT_TYPE" value="1"/>
            </value>
        </option>
        <option name="MARKDOWN_NAVIGATOR.UNDERLINE_MARKER" baseAttributes="DEFAULT_OPERATION_SIGN"/>
        <option name="MARKDOWN_NAVIGATOR.VERBATIM_LANG">
            <value>
                <option name="FOREGROUND" value="5cc5"/>
                <option name="FONT_TYPE" value="2"/>
            </value>
        </option>
        <option name="MARKDOWN_NAVIGATOR.VERBATIM_MARKER">
            <value>
                <option name="FOREGROUND" value="d73a49"/>
                <option name="FONT_TYPE" value="1"/>
            </value>
        </option>
        <option name="MARKDOWN_NAVIGATOR.WIKI_LINK">
            <value>
                <option name="FOREGROUND" value="d73a49"/>
            </value>
        </option>
        <option name="MARKDOWN_NAVIGATOR.WIKI_LINK_REF">
            <value>
                <option name="FOREGROUND" value="5cc5"/>
            </value>
        </option>
        <option name="MARKDOWN_NAVIGATOR.WIKI_LINK_REF_ANCHOR" baseAttributes="MARKDOWN_NAVIGATOR.WIKI_LINK_REF"/>
        <option name="MARKDOWN_NAVIGATOR.WIKI_LINK_SEPARATOR" baseAttributes="MARKDOWN_NAVIGATOR.WIKI_LINK"/>
        <option name="MARKDOWN_NAVIGATOR.WIKI_LINK_TEXT">
            <value>
                <option name="FOREGROUND" value="5cc5"/>
            </value>
        </option>
        <option name="MARKDOWN_TABLE_SEPARATOR">
            <value>
                <option name="FOREGROUND" value="aaaaaa"/>
            </value>
        </option>
        <option name="MATCHED_BRACE_ATTRIBUTES">
            <value>
                <option name="EFFECT_COLOR" value="cce5ff"/>
            </value>
        </option>
        <option name="NOT_USED_ELEMENT_ATTRIBUTES">
            <value>
                <option name="FOREGROUND" value="aaaaaa"/>
            </value>
        </option>
        <option name="OC.CLASS_REFERENCE">
            <value>
                <option name="FOREGROUND" value="6f42c1"/>
            </value>
        </option>
        <option name="OC.CONDITIONALLY_NOT_COMPILED">
            <value>
                <option name="BACKGROUND" value="ececec"/>
            </value>
        </option>
        <option name="OC.MACRONAME">
            <value>
                <option name="FOREGROUND" value="6f42c1"/>
                <option name="FONT_TYPE" value="1"/>
            </value>
        </option>
        <option name="OC.MACRO_PARAMETER">
            <value>
                <option name="FOREGROUND" value="5cc5"/>
                <option name="FONT_TYPE" value="1"/>
            </value>
        </option>
        <option name="OC.MESSAGE_ARGUMENT" baseAttributes="DEFAULT_FUNCTION_CALL"/>
        <option name="OC.METHOD_DECLARATION" baseAttributes="DEFAULT_FUNCTION_DECLARATION"/>
        <option name="OC.OVERLOADED_OPERATOR">
            <value>
                <option name="FOREGROUND" value="d73a49"/>
            </value>
        </option>
        <option name="OC.PROTOCOL_REFERENCE">
            <value>
                <option name="FOREGROUND" value="6f42c1"/>
            </value>
        </option>
        <option name="OC.SELFSUPERTHIS">
            <value>
                <option name="FOREGROUND" value="5cc5"/>
            </value>
        </option>
        <option name="OC.STRUCT_FIELD">
            <value/>
        </option>
        <option name="OC.STRUCT_LIKE">
            <value>
                <option name="FOREGROUND" value="6f42c1"/>
            </value>
        </option>
        <option name="OC.TYPEDEF">
            <value>
                <option name="FOREGROUND" value="5cc5"/>
            </value>
        </option>
        <option name="PERL_ARRAY" baseAttributes="DEFAULT_IDENTIFIER"/>
        <option name="PERL_ARRAY_BUILTIN" baseAttributes="PERL_ARRAY"/>
        <option name="PERL_DQ_STRING" baseAttributes="DEFAULT_STRING"/>
        <option name="PERL_DX_STRING" baseAttributes="DEFAULT_STRING"/>
        <option name="PERL_EMBED_MARKER" baseAttributes="DEFAULT_TEMPLATE_LANGUAGE_COLOR"/>
        <option name="PERL_GLOB" baseAttributes="DEFAULT_IDENTIFIER"/>
        <option name="PERL_GLOB_BUILTIN" baseAttributes="PERL_GLOB"/>
        <option name="PERL_HASH" baseAttributes="DEFAULT_IDENTIFIER"/>
        <option name="PERL_HASH_BUILTIN" baseAttributes="PERL_HASH"/>
        <option name="PERL_LABEL" baseAttributes="DEFAULT_IDENTIFIER"/>
        <option name="PERL_NUMBER" baseAttributes="DEFAULT_NUMBER"/>
        <option name="PERL_PACKAGE" baseAttributes="DEFAULT_CLASS_NAME"/>
        <option name="PERL_PACKAGE_CORE" baseAttributes="PERL_PACKAGE"/>
        <option name="PERL_PACKAGE_PRAGMA" baseAttributes="PERL_PACKAGE"/>
        <option name="PERL_REGEX_TOKEN" baseAttributes="DEFAULT_STRING"/>
        <option name="PERL_SCALAR" baseAttributes="DEFAULT_IDENTIFIER"/>
        <option name="PERL_SCALAR_BUILTIN" baseAttributes="PERL_SCALAR"/>
        <option name="PERL_SQ_STRING" baseAttributes="DEFAULT_STRING"/>
        <option name="PERL_SUB" baseAttributes="DEFAULT_FUNCTION_CALL"/>
        <option name="PERL_SUB_BUILTIN" baseAttributes="PERL_SUB"/>
        <option name="PERL_SUB_DEFINITION" baseAttributes="DEFAULT_FUNCTION_DECLARATION"/>
        <option name="PERL_VERSION" baseAttributes="PERL_NUMBER"/>
        <option name="PERL_XSUB" baseAttributes="PERL_SUB"/>
        <option name="PHP_ALIAS_REFERENCE" baseAttributes="PHP_CLASS"/>
        <option name="PHP_EXEC_COMMAND_ID" baseAttributes="DEFAULT_STRING"/>
        <option name="PHP_PARAMETER" baseAttributes="DEFAULT_PARAMETER"/>
        <option name="PHP_SCRIPTING_BACKGROUND">
            <value/>
        </option>
        <option name="PHP_VAR" baseAttributes="DEFAULT_LOCAL_VARIABLE"/>
        <option name="POD_CODE" baseAttributes="DEFAULT_DOC_COMMENT"/>
        <option name="POD_TAG" baseAttributes="DEFAULT_DOC_COMMENT_TAG"/>
        <option name="PUPPET_HEREDOC_TAGS" baseAttributes="DEFAULT_IDENTIFIER"/>
        <option name="PY$DECORATOR">
            <value>
                <option name="FOREGROUND" value="cd3948"/>
            </value>
        </option>
        <option name="PY$PARAMETER">
            <value>
                <option name="FOREGROUND" value="0"/>
            </value>
        </option>
        <option name="PY$SELF_PARAMETER">
            <value>
                <option name="FOREGROUND" value="7f7f7f"/>
            </value>
        </option>
        <option name="PY.BUILTIN_NAME" baseAttributes="DEFAULT_PREDEFINED_SYMBOL"/>
        <option name="PY.CLASS_DEFINITION" baseAttributes="DEFAULT_CLASS_NAME"/>
        <option name="PY.DECORATOR">
            <value>
                <option name="FOREGROUND" value="d73a49"/>
            </value>
        </option>
        <option name="PY.FUNC_DEFINITION" baseAttributes="DEFAULT_FUNCTION_DECLARATION"/>
        <option name="PY.KEYWORD_ARGUMENT" baseAttributes="DEFAULT_PARAMETER"/>
        <option name="PY.PREDEFINED_DEFINITION" baseAttributes="DEFAULT_PREDEFINED_SYMBOL"/>
        <option name="PY.PREDEFINED_USAGE" baseAttributes="DEFAULT_PREDEFINED_SYMBOL"/>
        <option name="PY.SELF_PARAMETER">
            <value>
                <option name="FOREGROUND" value="5cc4"/>
            </value>
        </option>
        <option name="PY.STRING.U" baseAttributes="DEFAULT_STRING"/>
        <option name="RDOC_DIRECTIVE">
            <value>
                <option name="FOREGROUND" value="6f42c1"/>
            </value>
        </option>
        <option name="RDOC_EMAIL">
            <value>
                <option name="FOREGROUND" value="32f62"/>
            </value>
        </option>
        <option name="RDOC_HEADINGS">
            <value>
                <option name="FOREGROUND" value="5cc5"/>
                <option name="FONT_TYPE" value="1"/>
            </value>
        </option>
        <option name="RDOC_KEYWORD">
            <value>
                <option name="FOREGROUND" value="d73a49"/>
            </value>
        </option>
        <option name="RDOC_URL">
            <value>
                <option name="FOREGROUND" value="5cc5"/>
            </value>
        </option>
        <option name="REASONML_OPTION">
            <value>
                <option name="FOREGROUND" value="5cc5"/>
                <option name="FONT_TYPE" value="1"/>
            </value>
        </option>
        <option name="REST$FIXED">
            <value>
                <option name="BACKGROUND" value="dddddd"/>
            </value>
        </option>
        <option name="REST$INTERPRETED">
            <value>
                <option name="BACKGROUND" value="dddddd"/>
            </value>
        </option>
        <option name="RHTML_EXPRESSION_END_ID" baseAttributes="XML_TAG_NAME"/>
        <option name="RHTML_EXPRESSION_START_ID" baseAttributes="XML_TAG_NAME"/>
        <option name="RHTML_OMIT_NEW_LINE_ID" baseAttributes="XML_ATTRIBUTE_NAME"/>
        <option name="RHTML_SCRIPTING_BACKGROUND_ID" baseAttributes="XML_TAG_NAME"/>
        <option name="RHTML_SCRIPTLET_END_ID" baseAttributes="XML_TAG_NAME"/>
        <option name="RHTML_SCRIPTLET_START_ID" baseAttributes="XML_TAG_NAME"/>
        <option name="RUBY_EXPR_IN_STRING" baseAttributes="DEFAULT_PARENTHS"/>
        <option name="RUBY_GVAR" baseAttributes="DEFAULT_GLOBAL_VARIABLE"/>
        <option name="RUBY_HASH_ASSOC" baseAttributes="DEFAULT_OPERATION_SIGN"/>
        <option name="RUBY_HEREDOC_CONTENT" baseAttributes="TEXT"/>
        <option name="RUBY_HEREDOC_ID">
            <value>
                <option name="FOREGROUND" value="6f42c1"/>
            </value>
        </option>
        <option name="RUBY_LINE_CONTINUATION" baseAttributes="DEFAULT_COMMA"/>
        <option name="RUBY_LOCAL_VAR_ID" baseAttributes="DEFAULT_LOCAL_VARIABLE"/>
        <option name="RUBY_METHOD_NAME" baseAttributes="DEFAULT_INSTANCE_METHOD"/>
        <option name="RUBY_NTH_REF" baseAttributes="DEFAULT_PREDEFINED_SYMBOL"/>
        <option name="RUBY_PARAMETER_ID" baseAttributes="DEFAULT_PARAMETER"/>
        <option name="RUBY_REGEXP" baseAttributes="DEFAULT_TEMPLATE_LANGUAGE_COLOR"/>
        <option name="RUBY_SYMBOL">
            <value>
                <option name="FOREGROUND" value="5cc5"/>
            </value>
        </option>
        <option name="SASS_MIXIN">
            <value>
                <option name="FOREGROUND" value="6f42c1"/>
                <option name="FONT_TYPE" value="1"/>
            </value>
        </option>
        <option name="SEARCH_RESULT_ATTRIBUTES">
            <value>
                <option name="BACKGROUND" value="dddddd"/>
            </value>
        </option>
        <option name="SLIM_FILTER" baseAttributes="DEFAULT_LABEL"/>
        <option name="SLIM_FILTER_CONTENT" baseAttributes="DEFAULT_TEMPLATE_LANGUAGE_COLOR"/>
        <option name="SLIM_ID" baseAttributes="CSS.HASH"/>
        <option name="SLIM_RUBY_CODE" baseAttributes="DEFAULT_TEMPLATE_LANGUAGE_COLOR"/>
        <option name="SLIM_TAG">
            <value>
                <option name="FOREGROUND" value="22863a"/>
            </value>
        </option>
        <option name="SMARTY_BACKGROUND">
            <value/>
        </option>
        <option name="SPEL.BACKGROUND">
            <value/>
        </option>
        <option name="SQL_OUTER_QUERY_COLUMN" baseAttributes="SQL_COLUMN"/>
        <option name="STATIC_FIELD_ATTRIBUTES" baseAttributes="DEFAULT_STATIC_FIELD"/>
        <option name="STATIC_FINAL_FIELD_ATTRIBUTES">
            <value>
                <option name="FOREGROUND" value="5cc5"/>
                <option name="FONT_TYPE" value="2"/>
            </value>
        </option>
        <option name="Static property reference ID" baseAttributes="STATIC_FINAL_FIELD_ATTRIBUTES"/>
        <option name="SWIFT_SELF_SUPER_KEYWORD">
            <value>
                <option name="FOREGROUND" value="5cc5"/>
            </value>
        </option>
        <option name="TEMPLATE_VARIABLE_ATTRIBUTES">
            <value>
                <option name="FOREGROUND" value="5cc4"/>
            </value>
        </option>
        <option name="TEXT">
            <value>
                <option name="FOREGROUND" value="24292e"/>
                <option name="BACKGROUND" value="ffffff"/>
            </value>
        </option>
        <option name="TEXT_SEARCH_RESULT_ATTRIBUTES">
            <value>
                <option name="BACKGROUND" value="dddddd"/>
            </value>
        </option>
        <option name="TODO_DEFAULT_ATTRIBUTES">
            <value>
                <option name="FOREGROUND" value="5cc5"/>
                <option name="FONT_TYPE" value="1"/>
                <option name="ERROR_STRIPE_COLOR" value="5cc5"/>
            </value>
        </option>
        <option name="TWIG_BACKGROUND">
            <value/>
        </option>
        <option name="TYPE_PARAMETER_NAME_ATTRIBUTES">
            <value>
                <option name="FOREGROUND" value="336699"/>
            </value>
        </option>
        <option name="TYPO">
            <value>
                <option name="EFFECT_COLOR" value="aaaaaa"/>
                <option name="EFFECT_TYPE" value="2"/>
            </value>
        </option>
        <option name="UNMATCHED_BRACE_ATTRIBUTES">
            <value>
                <option name="BACKGROUND" value="b90000"/>
            </value>
        </option>
        <option name="Unresolved reference access" baseAttributes="DEFAULT_IDENTIFIER"/>
        <option name="Unused entry">
            <value>
                <option name="FOREGROUND" value="aaaaaa"/>
                <option name="FONT_TYPE" value="2"/>
            </value>
        </option>
        <option name="WARNING_ATTRIBUTES">
            <value>
                <option name="BACKGROUND" value="f7e9af"/>
                <option name="EFFECT_TYPE" value="2"/>
            </value>
        </option>
        <option name="WRITE_IDENTIFIER_UNDER_CARET_ATTRIBUTES">
            <value>
                <option name="BACKGROUND" value="dddddd"/>
            </value>
        </option>
        <option name="WRITE_SEARCH_RESULT_ATTRIBUTES">
            <value>
                <option name="BACKGROUND" value="dddddd"/>
            </value>
        </option>
        <option name="XML_PROLOGUE" baseAttributes="TEXT"/>
        <option name="XML_TAG_NAME">
            <value>
                <option name="FOREGROUND" value="22863a"/>
            </value>
        </option>
        <option name="XSLT_DIRECTIVE">
            <value/>
        </option>
        <option name="YAML_ANCHOR" baseAttributes="DEFAULT_IDENTIFIER"/>
        <option name="com.plan9.INSTRUCTION" baseAttributes="DEFAULT_PREDEFINED_SYMBOL"/>
        <option name="com.plan9.LABEL" baseAttributes="DEFAULT_LABEL"/>
        <option name="org.elm.ARROW" baseAttributes="DEFAULT_OPERATION_SIGN"/>
        <option name="org.elm.BRACES" baseAttributes="DEFAULT_BRACES"/>
        <option name="org.elm.BRACKETS" baseAttributes="DEFAULT_BRACKETS"/>
        <option name="org.elm.COMMA" baseAttributes="DEFAULT_COMMA"/>
        <option name="org.elm.DEFINITION_NAME" baseAttributes="DEFAULT_FUNCTION_DECLARATION"/>
        <option name="org.elm.EQ" baseAttributes="DEFAULT_OPERATION_SIGN"/>
        <option name="org.elm.OPERATOR" baseAttributes="DEFAULT_OPERATION_SIGN"/>
        <option name="org.elm.PARENTHESIS" baseAttributes="DEFAULT_PARENTHS"/>
        <option name="org.elm.PIPE" baseAttributes="DEFAULT_OPERATION_SIGN"/>
        <option name="org.elm.TYPE" baseAttributes="DEFAULT_CLASS_NAME"/>
        <option name="org.elm.TYPE_ANNOTATION_NAME" baseAttributes="DEFAULT_FUNCTION_DECLARATION"/>
        <option name="org.elm.TYPE_ANNOTATION_SIGNATURE_TYPES" baseAttributes="DEFAULT_CLASS_REFERENCE"/>
        <option name="org.rust.DOC_CODE" baseAttributes="DEFAULT_DOC_MARKUP"/>
        <option name="org.rust.LIFETIME">
            <value>
                <option name="FOREGROUND" value="e36209"/>
                <option name="FONT_TYPE" value="2"/>
            </value>
        </option>
        <option name="org.rust.MACRO">
            <value>
                <option name="FOREGROUND" value="6f42c1"/>
            </value>
        </option>
        <option name="org.rust.MUT_BINDING" baseAttributes="DEFAULT_IDENTIFIER"/>
        <option name="org.rust.MUT_PARAMETER" baseAttributes="DEFAULT_PARAMETER"/>
        <option name="org.rust.TYPE_PARAMETER">
            <value>
                <option name="FOREGROUND" value="5cc5"/>
            </value>
        </option>
        <option name="org.rust.UNSAFE_CODE">
            <value>
                <option name="EFFECT_COLOR" value="d73a49"/>
                <option name="EFFECT_TYPE" value="2"/>
            </value>
        </option>
    </attributes>
</scheme>