<!--
  ~ The MIT License (MIT)
  ~
  ~ Copyright (c) 2019 Chris Magnussen and Elior Boukhobza
  ~
  ~ Permission is hereby granted, free of charge, to any person obtaining a copy
  ~ of this software and associated documentation files (the "Software"), to deal
  ~ in the Software without restriction, including without limitation the rights
  ~ to use, copy, modify, merge, publish, distribute, sublicense, and/or sell
  ~ copies of the Software, and to permit persons to whom the Software is
  ~ furnished to do so, subject to the following conditions:
  ~
  ~ The above copyright notice and this permission notice shall be included in all
  ~ copies or substantial portions of the Software.
  ~
  ~ THE SOFTWARE IS PROVIDED "AS IS", WITHOUT WARRANTY OF ANY KIND, EXPRESS OR
  ~ IMPLIED, INCLUDING BUT NOT LIMITED TO THE WARRANTIES OF MERCHANTABILITY,
  ~ FITNESS FOR A PARTICULAR PURPOSE AND NONINFRINGEMENT. IN NO EVENT SHALL THE
  ~ AUTHORS OR COPYRIGHT HOLDERS BE LIABLE FOR ANY CLAIM, DAMAGES OR OTHER
  ~ LIABILITY, WHETHER IN AN ACTION OF CONTRACT, TORT OR OTHERWISE, ARISING FROM,
  ~ OUT OF OR IN CONNECTION WITH THE SOFTWARE OR THE USE OR OTHER DEALINGS IN THE
  ~ SOFTWARE.
  ~
  ~
  -->

<associations>
    <associations>
        <type name="Database" type="Database Element" icon="/icons/files/db.svg"/>
        <!-- Custom -->
        <regex name="Github CODE" pattern="^CODE_OF_CONDUCT\.(md|txt)$" icon="/icons/files/github.svg"/>
        <regex name="Github CONTRIBUTING" pattern="^CONTRIBUTING\.(md|txt)$" icon="/icons/files/github.svg"/>
        <regex name="Github COMMIT" pattern="^COMMIT_MESSAGE_CONVENTION\.md$" icon="/icons/files/github.svg"/>
        <regex name="Github TEMPLATE" pattern=".*TEMPLATE\.md$" icon="/icons/files/github.svg"/>
        <regex name="README" pattern="^(README|readme)(\.(md|txt))?$" icon="/icons/files/readme.svg"/>

        <regex name="Plugin" pattern="^plugin.xml$" icon="/icons/files/plugin.svg"/>
        <regex name="Prefs" pattern=".*\.prefs$" icon="/icons/files/config.svg"/>
        <type name="Images" type="Images" icon="/icons/files/image.svg"/>
        <regex name="webp" pattern=".*\.webp$" icon="/icons/files/image.svg"/>
        <type name="SVG" type="SVG" icon="/icons/files/svg.svg"/>

        <regex name="3D" pattern=".*\.(stl|obj|dae|3ds|dxf)" icon="/icons/files/3d.svg"/>
        <regex name="Access" pattern=".*\.(adn|accdb|accdr|accdt|accda|mdw|accde|mam|maq|mar|mat|maf|laccdb)$"
               icon="/icons/files/access.svg"/>
        <regex name="ActionScript" pattern=".*\.as$" icon="/icons/files/actionscript.svg"/>
        <regex name="Adobe Elements" pattern=".*\.ae(p|t)$" icon="/icons/files/ae.svg"/>
        <regex name="Adobe Illustrator" pattern=".*\.ai$" icon="/icons/files/ai.svg"/>
        <regex name="Ada" pattern=".*\.(ada|adb)$" icon="/icons/files/ada.svg"/>
        <regex name="Akka" pattern=".*\.akka$" icon="/icons/files/akka.svg"/>
        <regex name="Android Manifest" pattern="^AndroidManifest\.xml$" icon="/icons/files/android.svg"/>
        <regex name="Android Main" pattern="^MainActivity\.java$" icon="/icons/files/android.svg"/>
        <regex name="Angular-CLI" pattern="^angular(-cli)?\.json$" icon="/icons/files/angular.svg"/>
        <regex name="AngularJS" pattern="^angular\.(min\.)?js$" icon="/icons/files/angular.svg"/>
        <regex name="Angular" pattern=".*\.(ng\.html|ng\.js|module\.[tj]s|ng-template)$"
               icon="/icons/files/angular.svg"/>
        <regex name="Angular Component" pattern=".*\.component\.[tj]s$" icon="/icons/files/angularcomponent.svg"/>
        <regex name="Angular Directive" pattern=".*\.directive\.[tj]s$" icon="/icons/files/angulardirective.svg"/>
        <regex name="Angular Guard" pattern=".*\.guard\.[tj]s$" icon="/icons/files/angularguard.svg"/>
        <regex name="Angular Service" pattern=".*\.service\.[tj]s$" icon="/icons/files/angularservice.svg"/>
        <regex name="Angular Pipe" pattern=".*\.pipe\.[tj]s$" icon="/icons/files/angularpipe.svg"/>
        <regex name="Angular Routing" pattern=".*\.routing\.[tj]s$" icon="/icons/files/angularrouting.svg"/>
        <regex name="Angular Resolver" pattern=".*\.resolver\.[tj]s$" icon="/icons/files/angularresolver.svg"/>
        <regex name="Ansible" pattern="^site\.yml$" icon="/icons/files/ansible.svg"/>
        <regex name="ANTLR" pattern=".*\.g4$" icon="/icons/files/antlr.svg"/>
        <regex name="API Blueprint" pattern=".*\.apib$" icon="/icons/files/apib.svg"/>
        <regex name="APK" pattern=".*\.apk$" icon="/icons/files/android.svg"/>
        <regex name="Appveyor" pattern="^\.?appveyor\.yml$" icon="/icons/files/appveyor.svg"/>
        <regex name="AppleScript" pattern=".*\.applescript$" icon="/icons/files/applescript.svg"/>
        <regex name="Arduino" pattern=".*\.ino$" icon="/icons/files/arduino.svg"/>
        <regex name="Asciidoc" pattern=".*\.(ad|adoc|asciidoc)$" icon="/icons/files/asciidoc.svg"/>
        <regex name="AspectJ" pattern=".*\.aj$" icon="/icons/files/eclipse.svg"/>
        <regex name="ASM" pattern=".*\.(asm|nasm|inc|ms|agc|aes|aea|argus|mitigus)$" icon="/icons/files/asm.svg"/>
        <regex name="ASP" pattern=".*\.(asp|asa|aspx)$" icon="/icons/files/asp.svg"/>
        <regex name="Atom" pattern=".*\.atom$" icon="/icons/files/atom.svg"/>
        <regex name="Aurelia" pattern="^aurelia(file)?\.js(on)?$" icon="/icons/files/aurelia.svg"/>
        <regex name="Authors" pattern="^(AUTHORS|authors)(\.(md|txt))?" icon="/icons/files/authors.svg"/>
        <regex name="AutoHotKey" pattern=".*\.ahk$" icon="/icons/files/ahk.svg"/>
        <regex name="AutoIt" pattern=".*\.au3" icon="/icons/files/autoit.svg"/>
        <regex name="Azure" pattern=".*\.azcli$" icon="/icons/files/azure.svg"/>
        <regex name="Azure Pipelines" pattern="azure-pipelines\.yml$" icon="/icons/files/azure.svg"/>
        <regex name="Babel" pattern="^(\.babelrc|babel\.json)$" icon="/icons/files/babel.svg"/>
        <regex name="Ballerina" pattern=".*\.balx?$" icon="/icons/files/ballerina.svg"/>
        <regex name="Basic" pattern=".*\.(bas|vb|vbs)$" icon="/icons/files/vs.svg"/>
        <regex name="Bazel" pattern=".*\.(bzl|bazel)$" icon="/icons/files/bazel.svg"/>
        <regex name="Bean" pattern=".*(b|B)ean\.java$" icon="/icons/files/bean.svg"/>
        <regex name="Behat" pattern=".*\.feature(\.php)?$" icon="/icons/files/behat.svg"/>
        <regex name="BitHound" pattern="\.bithoundrc$" icon="/icons/files/bithound.svg"/>
        <regex name="Bitbucket Pipelines" pattern="^bitbucket-pipelines\.yml$" icon="/icons/files/bitbucket.svg"/>
        <regex name="Blade" pattern=".*\.blade(\.php)?$" icon="/icons/files/blade.svg"/>
        <regex name="Blink" pattern=".*\.blink$" icon="/icons/files/blink.svg"/>
        <regex name="Bower" pattern="^(\.bowerrc|bower\.json)$" icon="/icons/files/bower.svg"/>
        <regex name="Brainfuck" pattern=".*\.(b|bf)$" icon="/icons/files/brainfuck.svg"/>
        <regex name="Bro" pattern=".*\.bro$" icon="/icons/files/bro.svg"/>
        <regex name="Browserslist" pattern="\.browserslist(rc)?$" icon="/icons/files/browserslist.svg"/>
        <regex name="BuckleScript" pattern=".*\.cmj$" icon="/icons/files/bucklescript.svg"/>
        <regex name="BuildKite" pattern="^buildkite\.(yml|yaml)$" icon="/icons/files/buildkite.svg"/>
        <regex name="Bundler" pattern="^Gemfile$" icon="/icons/files/bundle.svg"/>
        <regex name="C" pattern=".*\.(c|objc)$" icon="/icons/files/c.svg"/>
        <regex name="Cabal" pattern=".*\.cabal$" icon="/icons/files/cabal.svg"/>
        <regex name="Cabal Project" pattern="^cabal\.project$" icon="/icons/files/cabal.svg"/>
        <regex name="CakePHP" pattern=".*\.cake$" icon="/icons/files/cakephp.svg"/>
        <regex name="Certificate" pattern=".*\.(crt|cert|x509|pks)$" icon="/icons/files/certificate.svg"/>
        <regex name="CFC" pattern=".*\.(cfc|cfm|cfml|lucee)$" icon="/icons/files/cfc.svg"/>
        <regex name="Changelog" pattern="^(CHANGELOG|changelog)(\.(md|txt))?" icon="/icons/files/log.svg"/>
        <regex name="Chef Knife" pattern="^knife.rb$" icon="/icons/files/chef.svg"/>
        <regex name="Chef Berksfile" pattern="^Berksfile$" icon="/icons/files/chef.svg"/>
        <regex name="CircleCI" pattern="^\.circleci$" icon="/icons/files/circleci.svg"/>
        <regex name="CircleCI Conf" pattern="^(circle|config)\.yml$" icon="/icons/files/circleci.svg"/>
        <regex name="Class" pattern=".*\.(class|o)$" icon="/icons/files/class.svg"/>
        <regex name="Clojure" pattern=".*\.(cljs|clj|cljc|clojure)$" icon="/icons/files/clojure.svg"/>
        <regex name="CMake" pattern=".*\.cmake$" icon="/icons/files/cmake.svg"/>
        <regex name="CMakelists" pattern="^CMakeLists" icon="/icons/files/cmake.svg"/>
        <regex name="CNAME" pattern="^CNAME$" icon="/icons/files/cname.svg"/>
        <regex name="Cobol" pattern=".*\.(cobol|cbl)$" icon="/icons/files/cobol.svg"/>
        <regex name="CoffeeScript" pattern=".*\.(coffee|iced)$" icon="/icons/files/coffeescript.svg"/>
        <regex name="ColdFusion" pattern=".*\.cf$" icon="/icons/files/cf.svg"/>
        <regex name="Commitlint" pattern=".*\.commitlintrc\.(js(on)?|yml)$" icon="/icons/files/commitlint.svg"/>
        <regex name="Commitlint Config" pattern="^commitlint\.config\.js$" icon="/icons/files/commitlint.svg"/>
        <regex name="Compass" pattern="^config\.rb$" icon="/icons/files/compass.svg"/>
        <regex name="Composer" pattern="^composer\.json$" icon="/icons/files/composer.svg"/>
        <regex name="Composer Phar" pattern="^composer\.phar$" icon="/icons/files/composer.svg"/>
        <regex name="Cordova" pattern="^cordova" icon="/icons/files/cordova.svg"/>
        <regex name="Credits" pattern="(CREDITS|credits).*" icon="/icons/files/credits.svg"/>
        <regex name="Crystal" pattern=".*\.(cr|ecr)$" icon="/icons/files/crystal.svg"/>
        <regex name="CSS" pattern=".*\.css$" icon="/icons/files/css.svg"/>
        <regex name="CSS Map" pattern=".*\.css\.map$" icon="/icons/files/cssmap.svg"/>
        <regex name="CSV" pattern=".*\.(csv|tsv)$" icon="/icons/files/csv.svg"/>
        <regex name="Cucumber" pattern=".*\.feature\.rb$" icon="/icons/files/cucumber.svg"/>
        <regex name="C++" pattern=".*\.(cpp|cc|cp|ii)$" icon="/icons/files/cpp.svg"/>
        <regex name="C#" pattern=".*\.csx?$" icon="/icons/files/csharp.svg"/>
        <regex name="Dart" pattern=".*\.dart$" icon="/icons/files/dart.svg"/>
        <regex name="DB" pattern=".*\.(db|ddl)$" icon="/icons/files/db.svg"/>
        <regex name="Delphi" pattern=".*\.delphi$" icon="/icons/files/delphi.svg"/>
        <regex name="DLang" pattern=".*\.d$" icon="/icons/files/dlang.svg"/>
        <regex name="Diff" pattern=".*\.diff$" icon="/icons/files/diff.svg"/>
        <regex name="Django" pattern=".*\.(flake8|djt)$" icon="/icons/files/django.svg"/>
        <regex name="DLL" pattern=".*\.(dll|dlc)$" icon="/icons/files/dylib.svg"/>
        <regex name="Do" pattern=".*\.do$" icon="/icons/files/tomcat.svg"/>
        <regex name="Docker" pattern=".*\.?(d|D)ockerfile$" icon="/icons/files/docker.svg"/>
        <regex name="DockerCompose" pattern="^docker-compose(.*)\.(yml|yaml)$" icon="/icons/files/docker.svg"/>
        <regex name="Dot" pattern=".*\.(def|dot|jst)$" icon="/icons/files/dotjs.svg"/>
        <regex name="DotNET" pattern=".*\.(xaml|csproj)$" icon="/icons/files/dotnet.svg"/>
        <regex name="Doxygen" pattern="^(D|d)oxyfile$" icon="/icons/files/doxygen.svg"/>
        <regex name="Drupal" pattern=".*\.drupal$" icon="/icons/files/drupal.svg"/>
        <regex name="Dylib" pattern=".*\.dylib$" icon="/icons/files/dylib.svg"/>
        <regex name="Eclipse" pattern=".*\.eclipse" icon="/icons/files/eclipse.svg"/>
        <regex name="Edge" pattern=".*\.edge$" icon="/icons/files/adonis.svg"/>
        <regex name="EditorConfig" pattern="^\.editorconfig$" icon="/icons/files/editorconfig.svg"/>
        <regex name="Eiffel" pattern=".*\.e$" icon="/icons/files/eiffel.svg"/>
        <regex name="Emacs" pattern="^\.emacs.*$" icon="/icons/files/emacs.svg"/>
        <regex name="Emacs Lisp" pattern="^.*\.(el|elc)$" icon="/icons/files/emacs.svg"/>
        <regex name="Ember CLI" pattern="^\.ember-cli$" icon="/icons/files/ember.svg"/>
        <regex name="Ember" pattern="^\.ember\.json$" icon="/icons/files/ember.svg"/>
        <regex name="EJS" pattern=".*\.(ejs)$" icon="/icons/files/ejs.svg"/>
        <regex name="Elixir" pattern=".*\.(ex|eex|exs|elixir|leex)$" icon="/icons/files/ex.svg"/>
        <regex name="Elm" pattern=".*\.elm$" icon="/icons/files/elm.svg"/>
        <regex name="ESLint" pattern=".*\.eslintrc(\.js(on)?|\.y(a)?ml)?$" icon="/icons/files/eslint.svg"/>
        <regex name="ERB" pattern=".*\.(erb|ru)$" icon="/icons/files/erb.svg"/>
        <regex name="ErLang" pattern=".*\.(erc|erl|erlang)$" icon="/icons/files/erlang.svg"/>
        <regex name="Excel" pattern=".*\.(xls|xlsx|xlm|xlt|xlsb|odx)$" icon="/icons/files/excel.svg"/>
        <regex name="Favicon" pattern="^favicon\.(ico|png|jpg)$" icon="/icons/files/favicon.svg"/>
        <regex name="Finder" pattern="^\._*?MACOSX$" icon="/icons/files/finder.svg"/>
        <regex name="Firebase" pattern=".*\.(firebaserc)$" icon="/icons/files/firebase.svg"/>
        <regex name="Firebase JSON" pattern="^firebase\.json$" icon="/icons/files/firebase.svg"/>
        <regex name="Flash" pattern=".*\.(swf|flash)$" icon="/icons/files/flash.svg"/>
        <regex name="Flow" pattern=".*\.(flow|flowconfig)$" icon="/icons/files/flow.svg"/>
        <regex name="Fortran" pattern=".*\.(f77|f90)$" icon="/icons/files/fortran.svg"/>
        <regex name="FreeMarker" pattern=".*\.(ftl|freemarker)$" icon="/icons/files/freemarker.svg"/>
        <regex name="FSharp" pattern=".*\.(fs|fsi|fsx|fsproj)$" icon="/icons/files/fsharp.svg"/>
        <regex name="Gatsby" pattern="^gatsby.*\.js" icon="/icons/files/gatsby.svg"/>
        <regex name="GhostScript" pattern=".*\.ghostscript$" icon="/icons/files/ghostscript.svg"/>
        <regex name="Gemfile" pattern="^(G|g)emfile\.lock$" icon="/icons/files/gemfile.svg"/>
        <regex name="GitLab CI" pattern="^\.gitlab-ci\.yml$" icon="/icons/files/gitlab.svg"/>
        <regex name="Git" pattern="^\.git.*" icon="/icons/files/git.svg"/>
        <regex name="Go" pattern=".*\.(go|gohtml)$" icon="/icons/files/go.svg"/>
        <regex name="Godot" pattern=".*\.(gd|godot|tres|tscn)$" icon="/icons/files/godot.svg"/>
        <regex name="Gradle" pattern=".*\.gradle$" icon="/icons/files/gradle.svg"/>
        <regex name="Gradlew" pattern="gradlew$" icon="/icons/files/gradle.svg"/>
        <regex name="Graphcool" pattern=".*\.(graphcool)$" icon="/icons/files/graphcool.svg"/>
        <regex name="GraphQL" pattern=".*\.(gql|graphql)$" icon="/icons/files/graphql.svg"/>
        <regex name="GraphQL Config" pattern="\.graphqlconfig$" icon="/icons/files/graphql.svg"/>
        <regex name="Graphviz" pattern=".*\.(dot|graphviz)$" icon="/icons/files/graphviz.svg"/>
        <regex name="Groovy" pattern=".*\.(gy|gdsl|groovy)$" icon="/icons/files/groovy.svg"/>
        <regex name="Grunt" pattern="(g|G)runtfile.*" icon="/icons/files/gruntfile.svg"/>
        <regex name="Gulp" pattern="(g|G)ulpfile.*" icon="/icons/files/gulpfile.svg"/>
        <regex name="H" pattern=".*\.(objh|h|hpp|tcc)$" icon="/icons/files/hh.svg"/>
        <regex name="Hack" pattern=".*\.(hhconfig|hh)$" icon="/icons/files/hack.svg"/>
        <regex name="HAML" pattern=".*\.haml$" icon="/icons/files/haml.svg"/>
        <regex name="Hashicorp" pattern=".*\.hcl$" icon="/icons/files/hcl.svg"/>
        <regex name="Haskell" pattern=".*\.(haskell|hs)$" icon="/icons/files/haskell.svg"/>
        <regex name="Haxe" pattern=".*\.(haxe|hx)$" icon="/icons/files/haxe.svg"/>
        <regex name="Helm" pattern=".*\.(helm|helmignore)" icon="/icons/files/helm.svg"/>
        <regex name="Heroku" pattern="^((P|p)rocfile(\.windows)?|\.slugignore)$" icon="/icons/files/heroku.svg"/>
        <regex name="History" pattern="history.*$" icon="/icons/files/history.svg"/>
        <regex name="Houdini" pattern=".*\.(vfl|hip|pic|geo)$" icon="/icons/files/houdini.svg"/>
        <regex name="HTAccess" pattern=".*\.(htaccess|htpasswd)$" icon="/icons/files/htaccess.svg"/>
        <regex name="HTML" pattern=".*\.(html|htm)$" icon="/icons/files/html.svg"/>
        <regex name="HTTP" pattern=".*\.(http|rest)$" icon="/icons/files/http.svg"/>
        <regex name="Husky" pattern=".*\.huskyrc(.js(on)?)?$" icon="/icons/files/husky.svg"/>
        <regex name="i18n" pattern=".*\.(pot|po|mo)$" icon="/icons/files/i18n.svg"/>
        <regex name="IDEA" pattern=".*\.(iml|icls)$" icon="/icons/files/idea.svg"/>
        <regex name="Idris" pattern=".*\.(idr|idris)$" icon="/icons/files/idris.svg"/>
        <regex name="InDesign" pattern=".*\.(id|indl|indt|indb)$" icon="/icons/files/indesign.svg"/>
        <regex name="Istanbul" pattern=".*\.nycrc(\.json)?$" icon="/icons/files/istanbul.svg"/>
        <regex name="IO" pattern=".*\.(io)$" icon="/icons/files/io.svg"/>
        <regex name="Ionic" pattern=".*\.ionic\.config$" icon="/icons/files/ionic.svg"/>
        <regex name="J" pattern=".*\.(ijs)$" icon="/icons/files/j.svg"/>
        <regex name="Jade/Pug" pattern=".*\.(jade|pug)$" icon="/icons/files/pug.svg"/>
        <regex name="Jekyll" pattern="^_config\.yml$" icon="/icons/files/jekyll.svg"/>
        <regex name="Jenkins" pattern="^(j|J)enkinsfile.*" icon="/icons/files/jenkins.svg"/>
        <regex name="Jest" pattern="^jest\.config.*" icon="/icons/files/jest.svg"/>
        <regex name="Jinja" pattern=".*\.(jinja2?|j2|jnj2?)$" icon="/icons/files/jinja.svg"/>
        <regex name="Joomla" pattern=".*\.smarty$" icon="/icons/files/joomla.svg"/>
        <regex name="jQuery" pattern="jquery.*\.js" icon="/icons/files/jquery.svg"/>
        <regex name="JS Map" pattern=".*\.js\.map$" icon="/icons/files/jsmap.svg"/>
        <regex name="JSP" pattern=".*\.(jsp|jsf|jspx)" icon="/icons/files/jsp.svg"/>
        <regex name="Julia" pattern=".*\.(julia|jl)$" icon="/icons/files/julia.svg"/>
        <regex name="Jupyter Notebook" pattern=".*\.ipynb$" icon="/icons/files/jupyter.svg"/>
        <regex name="Karma" pattern="^karma\.conf.*" icon="/icons/files/karma.svg"/>
        <regex name="Key" pattern=".*\.(key|pem|gpg|pub)" icon="/icons/files/key.svg"/>
        <regex name="Kivy" pattern=".*\.kv$" icon="/icons/files/kivy.svg"/>
        <regex name="KL" pattern=".*\.kl$" icon="/icons/files/kl.svg"/>
        <regex name="Knockout" pattern=".*\.(knockout|ko)$" icon="/icons/files/knockout.svg"/>
        <regex name="Kotlin" pattern=".*\.(kt|kts|kotlin)$" icon="/icons/files/kotlin.svg"/>
        <regex name="Lerna" pattern="^lerna\.json$" icon="/icons/files/lerna.svg"/>
        <regex name="Less" pattern=".*\.less$" icon="/icons/files/less.svg"/>
        <regex name="Lib" pattern=".*\.(lib|bib|s)$" icon="/icons/files/lib.svg"/>
        <regex name="LICENSE" pattern="^(license|LICENSE).*" icon="/icons/files/license.svg"/>
        <regex name="LICENCE" pattern="^(licence|LICENCE).*" icon="/icons/files/license.svg"/>
        <regex name="Lint Staged" pattern=".*\.lintstagedrc\.(json|yml)$" icon="/icons/files/lint-staged.svg"/>
        <regex name="Lint Staged Config" pattern="^lint-staged\.config\.js$" icon="/icons/files/lint-staged.svg"/>
        <regex name="LiveScript" pattern=".*\.ls$" icon="/icons/files/livescript.svg"/>
        <regex name="Liquid" pattern=".*\.liquid$" icon="/icons/files/liquid.svg"/>
        <regex name="LISP" pattern=".*\.lisp$" icon="/icons/files/lisp.svg"/>
        <regex name="Log" pattern=".*\.log([0-9])?" icon="/icons/files/log.svg"/>
        <regex name="LSL" pattern=".*\.lsl" icon="/icons/files/lsl.svg"/>
        <regex name="Lua" pattern=".*\.lua$" icon="/icons/files/lua.svg"/>
        <regex name="Magento" pattern=".*\.mage$" icon="/icons/files/magento.svg"/>
        <regex name="MarkoJS" pattern=".*\.marko$" icon="/icons/files/marko.svg"/>
        <regex name="Makefile" pattern=".*\.?(m|M)akefile$" icon="/icons/files/makefile.svg"/>
        <regex name="Manpage" pattern=".*\.man([1-8])?$" icon="/icons/files/manpage.svg"/>
        <regex name="Manifest" pattern="manifest\.json$" icon="/icons/files/manifest.svg"/>
        <regex name="Markdown" pattern=".*\.(md|markdown|mson)$" icon="/icons/files/markdown.svg"/>
        <regex name="Markup" pattern=".*\.(shtml|dhtml|dtd)$" icon="/icons/files/markup.svg"/>
        <regex name="Mathematica" pattern=".*\.(nb|ma|mb|cdf)$" icon="/icons/files/mathematica.svg"/>
        <regex name="Matlab" pattern=".*\.matlab$" icon="/icons/files/matlab.svg"/>
        <regex name="Maven" pattern="^pom\.xml$" icon="/icons/files/maven.svg"/>
        <regex name="Maya" pattern=".*\.(maya|mel)$" icon="/icons/files/maya.svg"/>
        <regex name="MDX" pattern=".*\.(mdx)$" icon="/icons/files/mdx.svg"/>
        <regex name="Mercurial" pattern=".*\.hg$" icon="/icons/files/mercurial.svg"/>
        <regex name="Merlin" pattern=".*\.merlin$" icon="/icons/files/merlin.svg"/>
        <regex name="Meteor" pattern=".*\.meteor$" icon="/icons/files/meteor.svg"/>
        <regex name="Mint" pattern=".*\.mint" icon="/icons/files/mint.svg"/>
        <regex name="MJML" pattern=".*\.mjml$" icon="/icons/files/mjml.svg"/>
        <regex name="Moonscript" pattern=".*\.moon$" icon="/icons/files/moonscript.svg"/>
        <regex name="Mocha" pattern="^(mocha\.opts|\.mocharc)$" icon="/icons/files/mocha.svg"/>
        <regex name="Mocha JSON" pattern="^\.mocha\.(js|json|yml)$" icon="/icons/files/mocha.svg"/>
        <regex name="Mongodb" pattern=".*\.(mongodb|bson)$" icon="/icons/files/mongodb.svg"/>
        <regex name="Mustache" pattern=".*\.(mustache|handlebars|hbs|hamlbars)$" icon="/icons/files/mustache.svg"/>
        <regex name="MXML" pattern=".*\.mxml$" icon="/icons/files/mxml.svg"/>
        <regex name="Nest" pattern="\.?nest-cli\.json" icon="/icons/files/nest.svg"/>
        <regex name="Nest Config" pattern="\.?nestconfig\.json" icon="/icons/files/nest.svg"/>
        <regex name="Netlify" pattern="^netlify\.toml$" icon="/icons/files/netlify.svg"/>
        <regex name="nginx" pattern=".*\.(nginx|conf)$" icon="/icons/files/nginx.svg"/>
        <regex name="Nib" pattern=".*\.nib$" icon="/icons/files/nib.svg"/>
        <regex name="Nimble" pattern=".*\.(nim|nimble)$" icon="/icons/files/nim.svg"/>
        <regex name="Node" pattern="^(server|app)\.(js|ts|es6)$" icon="/icons/files/nodejs.svg"/>
        <regex name="Node Version" pattern="^\.node-version$" icon="/icons/files/nodejs.svg"/>
        <regex name="Nodemon" pattern=".*\.nodemon\.(js|json)$" icon="/icons/files/nodemon.svg"/>
        <regex name="Note" pattern=".*\.(scratch|note)$" icon="/icons/files/note.svg"/>
        <regex name="Now" pattern="now\.json$" icon="/icons/files/now.svg"/>
        <regex name="Nowignore" pattern="\.nowignore$" icon="/icons/files/now.svg"/>
        <regex name="NPM" pattern="^package\.json$" icon="/icons/files/npm.svg"/>
        <regex name="NPM lock" pattern="^package-lock\.json$" icon="/icons/files/lock.svg"/>
        <regex name="NPMFiles" pattern="^\.(npmignore|npmrc)$" icon="/icons/files/npm.svg"/>
        <regex name="NSIS" pattern=".*\.nsis?$" icon="/icons/files/nsis.svg"/>
        <regex name="NVM" pattern=".*\.(nvmrc|esmrc)$" icon="/icons/files/nodejs.svg"/>
        <regex name="Nuclide" pattern=".*\.nuclide$" icon="/icons/files/nuclide.svg"/>
        <regex name="NuGet" pattern=".*\.nuspec$" icon="/icons/files/nuget.svg"/>
        <regex name="Nunjucks" pattern=".*\.(njk|nunjucks)$" icon="/icons/files/nunjucks.svg"/>
        <regex name="Nuxt" pattern=".*nuxt\.config\.(js|ts)" icon="/icons/files/nuxt.svg"/>
        <regex name="Objective-C" pattern=".*\.mm?$" icon="/icons/files/objc.svg"/>
        <regex name="OCaml" pattern=".*\.(ocaml|ml|mli|cmx|ocamllex|ocamlyacc)$" icon="/icons/files/ocaml.svg"/>
        <regex name="OneNote" pattern=".*\.(one|onenote)$" icon="/icons/files/onenote.svg"/>
        <regex name="OpenOffice" pattern=".*\.(odf|ods)$" icon="/icons/files/openoffice.svg"/>
        <regex name="Pascal" pattern=".*\.(pas|pascal)$" icon="/icons/files/pascal.svg"/>
        <regex name="Patch" pattern=".*\.(patch|meld)$" icon="/icons/files/patch.svg"/>
        <regex name="PDF" pattern=".*\.pdf$" icon="/icons/files/pdf.svg"/>
        <regex name="Perl" pattern=".*\.(perl|pl|pm)$" icon="/icons/files/perl.svg"/>
        <regex name="Perforce" pattern="^\.p4ignore$" icon="/icons/files/p4.svg"/>
        <regex name="Phalcon" pattern=".*\.volt$" icon="/icons/files/phalcon.svg"/>
        <regex name="Photoshop" pattern=".*\.(psb|psd)$" icon="/icons/files/psd.svg"/>
        <regex name="PHPUnit" pattern=".*(t|T)est\.php$" icon="/icons/files/phpunit.svg"/>
        <regex name="PHTML" pattern=".*\.phtml$" icon="/icons/files/phtml.svg"/>
        <regex name="Pipfile" pattern="Pipfile$" icon="/icons/files/pipfile.svg"/>
        <regex name="Pipfile.lock" pattern="Pipfile\.lock$" icon="/icons/files/lock.svg"/>
        <regex name="Play" pattern=".*\.play$" icon="/icons/files/play.svg"/>
        <regex name="PList" pattern=".*\.plist$" icon="/icons/files/plist.svg"/>
        <regex name="PostCSS" pattern=".*\.(pcss|postcss|sss)$" icon="/icons/files/postcss.svg"/>
        <regex name="PostCSS Config" pattern="^(\.postcssrc|postcss\.config\.js(on)?)$"
               icon="/icons/files/postcss.svg"/>
        <regex name="PostScript" pattern=".*\.(ps|eps)$" icon="/icons/files/postscript.svg"/>
        <regex name="Polymer" pattern="^polymer\.json" icon="/icons/files/polymer.svg"/>
        <regex name="Powerpoint" pattern=".*\.(ppt|pptx|pps|ppsx|pot|potx|ppa|ppam)$"
               icon="/icons/files/powerpoint.svg"/>
        <regex name="PowerShell" pattern=".*\.(powershell|ps1|psd1|psc1|pssc|cmd)$" icon="/icons/files/powershell.svg"/>
        <regex name="Premiere" pattern=".*\.(prel|prproj|psq)$" icon="/icons/files/premiere.svg"/>
        <regex name="Prettier" pattern="^\.prettierrc(\.js(on)?|\.y(a)?ml)?$" icon="/icons/files/prettier.svg"/>
        <regex name="Prettier Config" pattern="^prettier\.config\.js$" icon="/icons/files/prettier.svg"/>
        <regex name="Prisma" pattern="prisma\.yml" icon="/icons/files/prisma.svg"/>
        <regex name="Processing" pattern=".*\.pde$" icon="/icons/files/processing.svg"/>
        <regex name="Prolog" pattern=".*\.(pro|prolog)$" icon="/icons/files/prolog.svg"/>
        <regex name="Properties" pattern=".*\.properties$" icon="/icons/files/source.svg"/>
        <regex name="Protractor" pattern="^protractor\.js(on)?$" icon="/icons/files/protractor.svg"/>
        <regex name="Puppet" pattern=".*\.(puppet|pp|epp)$" icon="/icons/files/puppet.svg"/>
        <regex name="PureScript" pattern=".*\.(purescript|purs|pure)$" icon="/icons/files/purescript.svg"/>
        <regex name="R" pattern=".*\.(r|rmd)$" icon="/icons/files/r.svg"/>
        <regex name="Racket" pattern=".*\.rkt" icon="/icons/files/racket.svg"/>
        <regex name="Raml" pattern=".*\.raml$" icon="/icons/files/raml.svg"/>
        <regex name="Rails" pattern="^rails$" icon="/icons/files/rails.svg"/>
        <regex name="Rake" pattern=".*rake$" icon="/icons/files/rake.svg"/>
        <regex name="Rakefile" pattern="Rakefile" icon="/icons/files/rake.svg"/>
        <regex name="Razor" pattern=".*\.(cshtml|vbhtml)$" icon="/icons/files/razor.svg"/>
        <regex name="RDoc" pattern=".*\.rdoc$" icon="/icons/files/rdoc.svg"/>
        <regex name="RestQL" pattern=".*\.(rql|restql)$" icon="/icons/files/restql.svg"/>
        <regex name="React" pattern=".*\.react-cli$" icon="/icons/files/react.svg"/>
        <regex name="ReasonML" pattern=".*\.rei?" icon="/icons/files/reason.svg"/>
        <regex name="Red" pattern=".*\.red" icon="/icons/files/red.svg"/>
        <regex name="Redis" pattern="^redis.*" icon="/icons/files/redis.svg"/>
        <regex name="Redux Action" pattern=".*(a|A)ctions?\.(js|ts)$" icon="/icons/files/redux-action.svg"/>
        <regex name="Redux Reducer" pattern=".*(r|R)educer\.(js|ts)$" icon="/icons/files/redux-reducer.svg"/>
        <regex name="Redux Store" pattern=".*(s|S)tore\.(js|ts)$" icon="/icons/files/redux-store.svg"/>
        <regex name="Restructured" pattern=".*\.rst$" icon="/icons/files/rst.svg"/>
        <regex name="Riot" pattern=".*\.(riot|tag)$" icon="/icons/files/riot.svg"/>
        <regex name="Robot" pattern=".*\.robot$" icon="/icons/files/robot.svg"/>
        <regex name="Rollup" pattern="^rollup.*" icon="/icons/files/rollup.svg"/>
        <regex name="RSpec" pattern=".*_spec\.rb$" icon="/icons/files/rspec.svg"/>
        <regex name="RSpec Config" pattern=".*\.rspec$" icon="/icons/files/rspec.svg"/>
        <regex name="Rubocop" pattern=".*\.rubocop.*\.yml$" icon="/icons/files/rubocop.svg"/>
        <regex name="Ruby Gemset" pattern="^\.ruby-gemset$" icon="/icons/files/gemfile.svg"/>
        <regex name="Ruby Version" pattern="^\.ruby-version$" icon="/icons/files/ruby.svg"/>
        <regex name="Rust" pattern=".*\.(rs|rust)$" icon="/icons/files/rust.svg"/>
        <regex name="RVM" pattern="^\.rvmrc$" icon="/icons/files/ruby.svg"/>
        <regex name="San" pattern=".*\.san$" icon="/icons/files/san.svg"/>
        <regex name="SASS" pattern=".*\.sass$" icon="/icons/files/sass.svg"/>
        <regex name="SBT" pattern=".*\.sbt$" icon="/icons/files/sbt.svg"/>
        <regex name="Scala" pattern=".*\.scala$" icon="/icons/files/scala.svg"/>
        <regex name="SCSS" pattern=".*\.scss$" icon="/icons/files/sass.svg"/>
        <regex name="Scheme" pattern=".*\.(scheme|scm)$" icon="/icons/files/scheme.svg"/>
        <regex name="Semantic Release" pattern=".*\.releaserc(.js(on)?|.y(a)?ml)?$"
               icon="/icons/files/semantic-release.svg"/>
        <regex name="Semantic Release Config" pattern="^release\.config\.js$" icon="/icons/files/semantic-release.svg"/>
        <regex name="Settings" pattern=".*\.settings$" icon="/icons/files/settings.svg"/>
        <regex name="Sequelize" pattern="\.sequelizerc$" icon="/icons/files/sequelize.svg"/>
        <regex name="Shell" pattern=".*\.(sh|zsh|fish|bash|fishrc|zshrc|bashrc|tcsh)$" icon="/icons/files/shell.svg"/>
        <regex name="SilverStripe" pattern=".*\.ss$" icon="/icons/files/silverstripe.svg"/>
        <regex name="Sketch" pattern=".*\.sketch$" icon="/icons/files/sketch.svg"/>
        <regex name="Slim" pattern=".*\.slim$" icon="/icons/files/slim.svg"/>
        <regex name="Smarty" pattern=".*\.tpl$" icon="/icons/files/smarty.svg"/>
        <regex name="Snapshots" pattern=".*\.snap$" icon="/icons/files/snapshot.svg"/>
        <regex name="Solidity" pattern=".*\.sol$" icon="/icons/files/solidity.svg"/>
        <regex name="Sonar" pattern=".*\.sonarrc$" icon="/icons/files/sonar.svg"/>
        <regex name="Spring" pattern=".*\.spring$" icon="/icons/files/spring.svg"/>
        <regex name="SQL" pattern=".*\.(sql|pdb|pgsql|mysql|hql|qml|psql|pkb)$" icon="/icons/files/sql.svg"/>
        <regex name="SQLite" pattern=".*\.sqlite3?$" icon="/icons/files/sqlite.svg"/>
        <regex name="Stata" pattern=".*\.stata$" icon="/icons/files/stata.svg"/>
        <regex name="Stencil" pattern="^stencil\.config\.(js|ts)$" icon="/icons/files/stencil.svg"/>
        <regex name="Storybook" pattern=".*\.(story|stories)\.(jsx?|tsx?)$" icon="/icons/files/storybook.svg"/>
        <regex name="Stylelint" pattern="^(\.stylelintrc|stylelint\.config\.js(on)?)$"
               icon="/icons/files/stylelint.svg"/>
        <regex name="Stylus" pattern=".*\.styl$" icon="/icons/files/stylus.svg"/>
        <regex name="Sublime" pattern=".*\.sublime-.*" icon="/icons/files/sublime.svg"/>
        <regex name="SuperCollider" pattern=".*\.scd$" icon="/icons/files/scd.svg"/>
        <regex name="Svelte" pattern=".*\.svelte" icon="/icons/files/svelte.svg"/>
        <regex name="SVN" pattern="^\.svn" icon="/icons/files/svn.svg"/>
        <regex name="Swagger" pattern=".*\.(swagger|swag)$" icon="/icons/files/swagger.svg"/>
        <regex name="Swagger Config" pattern="((swagger|api)\.(yml|yaml|json))$"
               icon="/icons/files/swagger.svg"/>
        <regex name="SWC" pattern=".*\.swc$" icon="/icons/files/swc.svg"/>
        <regex name="Swift" pattern=".*\.swift$" icon="/icons/files/swift.svg"/>
        <regex name="Swig" pattern=".*\.swig$" icon="/icons/files/swig.svg"/>
        <regex name="Symfony" pattern=".*\.symfony" icon="/icons/files/symfony.svg"/>
        <regex name="Tailwind CSS Config" pattern="^tailwind.*\.[jt]s$" icon="/icons/files/tailwindcss.svg"/>
        <regex name="TCL" pattern=".*\.tcl$" icon="/icons/files/tcl.svg"/>
        <regex name="TerraForm" pattern=".*\.(tf|tfstate|tfvars)$" icon="/icons/files/terraform.svg"/>
        <regex name="TeX" pattern=".*\.(tex|cls|sty|dtx|ltx)$" icon="/icons/files/tex.svg"/>
        <regex name="Tern" pattern=".*\.tern-(config|project)$" icon="/icons/files/tern.svg"/>
        <regex name="Tern Config" pattern="^\.ternconfig$" icon="/icons/files/tern.svg"/>
        <regex name="Test Java" pattern="(t|T)est\.java$" icon="/icons/files/testjava.svg"/>
        <regex name="Test JS" pattern=".*\.?(test|spec)\.(js|es6)$" icon="/icons/files/testjs.svg"/>
        <regex name="Test React" pattern=".*\.?(test|spec)\.(jsx|tsx)$" icon="/icons/files/testreact.svg"/>
        <regex name="Test Python" pattern=".*\.(test|spec)\.py$" icon="/icons/files/testpy.svg"/>
        <regex name="Test Ruby" pattern="_(test|spec)\.rb$" icon="/icons/files/testruby.svg"/>
        <regex name="Test TypeScript" pattern=".*\.?(test|spec)\.ts$" icon="/icons/files/testts.svg"/>
        <regex name="Textile" pattern=".*\.textile$" icon="/icons/files/textile.svg"/>
        <regex name="Textmate" pattern=".*\.(tmPreferences|tmTheme|tmLanguage)" icon="/icons/files/textmate.svg"/>
        <regex name="Tomcat" pattern="^tomcat.*" icon="/icons/files/tomcat.svg"/>
        <regex name="TOML" pattern=".*\.toml$" icon="/icons/files/toml.svg"/>
        <regex name="TODO" pattern="^(TODO|todo).*" icon="/icons/files/todo.svg"/>
        <regex name="TSConfig" pattern="\.?tsconfig.*\.(js|json)$" icon="/icons/files/tslint.svg"/>
        <regex name="TSLint" pattern="\.?tslint.*\.(js|json)$" icon="/icons/files/tslint.svg"/>
        <regex name="Travis" pattern=".*\.travis\.yml$" icon="/icons/files/travis.svg"/>
        <regex name="Turing" pattern=".*\.t$" icon="/icons/files/turing.svg"/>
        <regex name="Twig" pattern=".*\.twig$" icon="/icons/files/twig.svg"/>
        <regex name="Typescript Defs" pattern=".*\.d\.ts$" icon="/icons/files/dts.svg"/>
        <regex name="Typings" pattern="^typings\.json$" icon="/icons/files/typings.svg"/>
        <regex name="Unity" pattern=".*\.(unity|unity3d|fbx)" icon="/icons/files/unity.svg"/>
        <regex name="Unreal" pattern=".*\.(u|unr|utx|umx|uax|ukx|uz|upkg|uc|upl|asc|lwo)$"
               icon="/icons/files/unreal.svg"/>
        <regex name="Vagrant" pattern="^(V|v)agrantfile$" icon="/icons/files/vagrant.svg"/>
        <regex name="Velocity" pattern=".*\.(vm|vtl|fhtml)" icon="/icons/files/velocity.svg"/>
        <regex name="VERSION" pattern="^(VERSION|version)$" icon="/icons/files/version.svg"/>
        <regex name="VHDL" pattern=".*\.(vhdl|vhd|v|sv)$" icon="/icons/files/vhdl.svg"/>
        <regex name="Vim" pattern=".*\.(vim|viml|vimrc|gvimrc)$" icon="/icons/files/vim.svg"/>
        <regex name="Visio" pattern=".*\.visio$" icon="/icons/files/visio.svg"/>
        <regex name="Visual Studio" pattern=".*\.(vscode|vssettings|vsix|sln|suo)$" icon="/icons/files/vs.svg"/>
        <regex name="VM" pattern=".*\.(vbox|vdi|vmware)$" icon="/icons/files/vm.svg"/>
        <regex name="Vue" pattern=".*\.vue$" icon="/icons/files/vue.svg"/>
        <regex name="Vuex" pattern=".*\.vuex$" icon="/icons/files/vuex.svg"/>
        <regex name="Wallaby" pattern="^wallaby.*" icon="/icons/files/wallaby.svg"/>
        <regex name="WebAssembly" pattern=".*\.(wat|wasm)$" icon="/icons/files/webassembly.svg"/>
        <regex name="Webpack" pattern="^webpack\.(common|config|dev|prod)\.(js|es|es6|coffee|ts)$"
               icon="/icons/files/webpack.svg"/>
        <regex name="Webhint" pattern=".*\.hintrc$" icon="/icons/files/webhint.svg"/>
        <regex name="WePy" pattern=".*\.wpy$" icon="/icons/files/wepy.svg"/>
        <regex name="Windows" pattern=".*\.(bat|exe|dos|ms|msi)$" icon="/icons/files/windows.svg"/>
        <regex name="Word" pattern=".*\.(doc|docx|docm|docxml|dotm|dotx|wri|odt|odtx)$" icon="/icons/files/word.svg"/>
        <regex name="Xamarin" pattern=".*\.xamarin" icon="/icons/files/xamarin.svg"/>
        <regex name="XCode" pattern=".*\.xcodeproj$" icon="/icons/files/appstore.svg"/>
        <regex name="XCode Playground" pattern=".*\.xcplayground$" icon="/icons/files/appstore.svg"/>
        <regex name="XCode Workspace" pattern=".*\.xcworkspacedata$" icon="/icons/files/appstore.svg"/>
        <regex name="XCode Storyboard" pattern=".*\.storyboard$" icon="/icons/files/appstore.svg"/>
        <regex name="Yang" pattern=".*\.yang$" icon="/icons/files/yang.svg"/>
        <regex name="Yarn" pattern="(\.yarnrc|yarn.js(on)?)" icon="/icons/files/yarn.svg"/>
        <regex name="Yarn Lock" pattern="^yarn\.lock$" icon="/icons/files/yarn.svg"/>
        <regex name="Yarn Clean" pattern="^\.yarnclean$" icon="/icons/files/yarn.svg"/>
        <regex name="YVM" pattern="^\.yvmrc" icon="/icons/files/yvmrc.svg"/>

        <!-- These take the least priority -->
        <regex name="Preferences" pattern=".*\.(ini|config|env|cfg)$" icon="/icons/files/preferences.svg"/>
        <regex name="Envs" pattern=".*\.env\.(.*)$" icon="/icons/files/preferences.svg"/>
        <regex name="Binary" pattern="^[^.]+$" icon="/icons/files/binary.svg"/>

        <regex name="Font" pattern=".*\.(ttf|ttc|pfb|pfm|otf|dfont|pfa|afm|eot|woff2?)$"
               icon="/icons/files/font.svg"/>
        <regex name="Lockfiles" pattern=".*\.lock$" icon="/icons/files/lock.svg"/>
        <regex name="XML" pattern=".*\.(xml|xhtml|fxml|jrxml|jnlp|pom|rng|tld|wsdl|xsd|xsl|xslt|xul)$"
               icon="/icons/files/xml.svg"/>
        <regex name="YAML" pattern=".*\.(yml|yaml|info)$" icon="/icons/files/yaml.svg"/>

        <regex name="Archive" pattern=".*\.(7z|7zip|gzip|zip|rar|tar|gz|pzip|saz|tgz)$"
               icon="/icons/files/archive.svg"/>
        <regex name="Audio"
               pattern=".*\.(mp3|aac|aiff|au|flac|m4a|mpc|mp+|mpp|ogg|oga|opus|ra|rm|wav|wma|snd|mid|cda)$"
               icon="/icons/files/audio.svg"/>
        <regex name="Video"
               pattern=".*\.(avi|mp4|mpg|mpeg|mov|mkv|flv|h264|webm|wmv|ogv|3gp|m4v|3gpp|ogm|dvd|divx|qt|yuv)$"
               icon="/icons/files/video.svg"/>

        <regex name="Text" pattern=".*\.(txt|rtf)$" icon="/icons/files/text.svg"/>
        <regex name="Javascript Minified" pattern=".*\.min\.(js|es6|es|jsx|ts)$" icon="/icons/files/jsmin.svg"/>
        <regex name="Java" pattern=".*\.(java|jar|war)$" icon="/icons/files/java.svg"/>
        <regex name="JSX" pattern=".*\.(jsx|tsx)$" icon="/icons/files/jsx.svg"/>
        <regex name="TypeScript" pattern=".*\.(ts|tsx|tslint)$" icon="/icons/files/typeScript.svg"/>
        <regex name="Javascript" pattern=".*\.(js|es6|es|mjs)$" icon="/icons/files/js.svg"/>
        <regex name="Python" pattern=".*\.(py|python|pyc|whl)$" icon="/icons/files/python.svg"/>
        <regex name="Ruby" pattern=".*\.rb$" icon="/icons/files/ruby.svg"/>
        <!--<regex name="PHP" pattern=".*\.(php|phps)$" icon="/icons/files/php.svg"/>-->
        <regex name="JSON" pattern=".*\.(json|cson)$" icon="/icons/files/json.svg"/>
        <!--<regex name="Any" pattern="" icon="/icons/files/default.svg"/>-->
    </associations>
</associations>
